date,symptom:ageusia,symptom:anosmia,symptom:chills,symptom:cough,symptom:diarrhea,symptom:fatigue,symptom:fever,symptom:headache,symptom:muscle weakness,symptom:nasal congestion,symptom:nausea,symptom:shortness of breath,symptom:sore throat,symptom:vomiting,daily_new_positives,cumulative_positives,num_daily_tests,cumulative_tests,test_positivity_rate,symptom:combined
2021-01-01,0.32,0.37,0.3,3.75,3.5,3.72,3.49,4.49,0.16,1.66,2.12,0.65,1.4,2.85,15074,1005785,202446,25706759,0.0745,14.8431
2021-01-02,0.36,0.42,0.3,3.9,3.38,3.95,3.65,4.08,0.16,1.66,1.9,0.69,1.43,2.4,11368,1017153,142345,25849104,0.0799,14.871699999999999
2021-01-03,0.34,0.46,0.29,3.88,3.39,4.03,3.69,3.83,0.17,1.66,1.84,0.7,1.4,2.37,11209,1028362,134360,25983464,0.0834,14.766200000000001
2021-01-04,0.28,0.34,0.31,3.93,3.37,4.34,4.0,3.93,0.22,1.48,1.85,0.77,1.42,2.27,12666,1041028,152402,26135866,0.0831,15.328199999999997
2021-01-05,0.27,0.32,0.33,3.98,3.38,4.42,4.11,4.31,0.22,1.51,1.81,0.74,1.4,2.14,16648,1057676,197816,26333682,0.0842,15.689799999999998
2021-01-06,0.26,0.29,0.3,3.62,3.12,4.07,3.79,3.91,0.21,1.38,1.72,0.65,1.32,1.99,17636,1075312,238550,26572232,0.0739,14.399999999999999
2021-01-07,0.28,0.32,0.31,3.68,3.15,4.15,3.83,3.88,0.21,1.43,1.68,0.67,1.34,2.03,18832,1094144,243903,26816135,0.0771999999999999,14.558
2021-01-08,0.29,0.33,0.31,3.72,3.23,3.95,3.73,3.81,0.2,1.45,1.69,0.65,1.3,2.07,16943,1111087,258031,27074166,0.0657,14.357599999999998
2021-01-09,0.32,0.37,0.3,3.77,3.26,3.71,3.71,4.04,0.17,1.68,1.79,0.64,1.28,2.18,15355,1126442,246836,27321002,0.0622,14.428299999999998
2021-01-10,0.29,0.34,0.28,3.66,3.27,3.84,3.56,3.89,0.18,1.61,1.82,0.65,1.25,2.15,13714,1140156,203904,27524906,0.0673,14.186499999999999
2021-01-11,0.25,0.3,0.3,3.79,3.19,4.12,3.83,3.81,0.2,1.47,1.78,0.76,1.31,2.14,15214,1155370,196671,27721577,0.0774,14.674700000000001
2021-01-12,0.24,0.29,0.31,3.78,3.23,4.38,3.84,3.91,0.24,1.45,1.79,0.72,1.31,2.07,14577,1169947,196868,27918445,0.074,14.906699999999999
2021-01-13,0.25,0.28,0.32,3.65,3.19,4.24,3.85,3.85,0.2,1.45,1.72,0.69,1.29,2.02,13661,1183608,212589,28131034,0.0643,14.593799999999998
2021-01-14,0.25,0.28,0.28,3.64,3.23,4.28,3.85,3.99,0.23,1.41,1.72,0.72,1.28,2.03,19942,1203550,324671,28455705,0.0613999999999999,14.712099999999998
2021-01-15,0.23,0.28,0.27,3.55,3.13,3.88,3.69,3.95,0.21,1.33,1.7,0.67,1.22,2.02,15998,1219548,277286,28732991,0.0576999999999999,14.107400000000002
2021-01-16,0.28,0.33,0.25,3.62,3.33,3.79,3.49,4.02,0.17,1.51,1.77,0.64,1.27,2.12,13842,1233390,246507,28979498,0.0562,14.107600000000001
2021-01-17,0.27,0.32,0.29,3.5,3.42,3.82,3.47,4.54,0.17,1.48,1.85,0.65,1.25,2.23,12185,1245575,186205,29165703,0.0654,14.407799999999998
2021-01-18,0.25,0.31,0.26,3.67,3.37,4.22,3.56,4.08,0.21,1.49,1.84,0.72,1.31,2.19,12512,1258087,177269,29342972,0.0706,14.6368
2021-01-19,0.23,0.29,0.28,3.62,3.35,4.24,3.62,3.88,0.21,1.36,1.75,0.71,1.31,2.08,13364,1271451,195409,29538381,0.0684,14.470600000000001
2021-01-20,0.19,0.23,0.28,3.41,3.08,3.94,3.47,3.76,0.2,1.27,1.61,0.65,1.23,1.98,13886,1285337,224569,29762950,0.0617999999999999,13.652700000000001
2021-01-21,0.22,0.26,0.3,3.61,3.25,4.27,3.66,3.99,0.23,1.4,1.68,0.69,1.27,2.05,15144,1300481,268001,30030951,0.0565,14.505799999999999
2021-01-22,0.21,0.26,0.27,3.47,3.2,3.9,3.61,3.9,0.23,1.41,1.67,0.65,1.23,2.03,13786,1314267,262106,30293057,0.0526,13.982
2021-01-23,0.24,0.28,0.27,3.52,3.25,3.7,3.36,3.98,0.19,1.53,1.75,0.65,1.28,2.14,12720,1326987,249955,30543012,0.0509,13.8245
2021-01-24,0.24,0.27,0.29,3.54,3.31,3.85,3.39,3.96,0.2,1.59,1.78,0.62,1.27,2.16,12003,1338990,219538,30762550,0.0547,13.983899999999998
2021-01-25,0.19,0.25,0.28,3.72,3.46,4.2,3.64,3.96,0.23,1.52,1.81,0.74,1.26,2.17,11064,1350054,162938,30925488,0.0679,14.676599999999999
2021-01-26,0.2,0.26,0.29,3.62,3.31,4.22,3.8,3.93,0.22,1.47,1.78,0.71,1.25,2.1,11028,1361082,202661,31128149,0.0544,14.6169
2021-01-27,0.19,0.24,0.28,3.5,3.27,4.27,3.62,3.88,0.22,1.37,1.73,0.71,1.25,2.04,13398,1374480,250668,31378817,0.0533999999999999,14.311300000000001
2021-01-28,0.19,0.22,0.26,3.51,3.22,4.02,3.52,3.81,0.22,1.38,1.65,0.64,1.21,1.96,12579,1387059,270518,31649335,0.0465,13.9153
2021-01-29,0.18,0.23,0.26,3.44,3.05,3.69,3.38,3.65,0.2,1.36,1.57,0.61,1.22,1.94,12804,1399863,269350,31918685,0.0475,13.323399999999996
2021-01-30,0.22,0.27,0.27,3.51,3.25,3.62,3.29,4.04,0.18,1.61,1.74,0.62,1.25,2.13,10793,1410656,243066,32161751,0.0444,13.7078
2021-01-31,0.18,0.27,0.26,3.31,3.19,3.5,3.12,3.75,0.17,1.5,1.7,0.63,1.19,2.1,8508,1419164,175038,32336789,0.0486,13.0681
2021-02-01,0.18,0.24,0.23,3.16,2.92,3.66,3.0,3.71,0.2,1.24,1.61,0.69,1.13,1.93,8215,1427379,150199,32486988,0.0547,12.744599999999998
2021-02-02,0.2,0.25,0.24,3.34,3.12,4.01,3.19,3.75,0.22,1.31,1.71,0.72,1.2,2.04,5925,1433304,126489,32613477,0.0467999999999999,13.4897
2021-02-03,0.17,0.23,0.27,3.51,3.22,4.16,3.44,3.9,0.23,1.29,1.73,0.73,1.24,2.05,7414,1440718,169186,32782663,0.0438,14.095
2021-02-04,0.18,0.23,0.28,3.46,3.25,4.19,3.59,3.99,0.23,1.29,1.78,0.71,1.19,2.13,8777,1449495,203627,32986290,0.0431,14.260399999999995
2021-02-05,0.16,0.2,0.26,3.3,3.2,3.97,3.48,3.98,0.23,1.22,1.71,0.71,1.16,2.04,11252,1460747,261285,33247575,0.0431,13.799599999999998
2021-02-06,0.19,0.23,0.26,3.31,3.34,3.78,3.35,4.15,0.2,1.35,1.79,0.68,1.21,2.2,10025,1470772,250892,33498467,0.04,13.796699999999998
2021-02-07,0.17,0.21,0.23,3.12,3.17,3.57,3.04,3.87,0.2,1.26,1.73,0.64,1.15,2.09,8448,1479220,197183,33695650,0.0428,12.911699999999998
2021-02-08,0.15,0.2,0.26,3.31,3.28,4.18,3.29,3.85,0.22,1.23,1.76,0.73,1.26,2.14,7866,1487086,153648,33849298,0.0512,13.813999999999997
2021-02-09,0.14,0.19,0.27,3.38,3.19,4.34,3.53,3.98,0.24,1.3,1.72,0.76,1.23,2.07,7101,1494187,176750,34026048,0.0401999999999999,14.210799999999999
2021-02-10,0.16,0.2,0.27,3.3,3.23,4.3,3.52,3.96,0.24,1.27,1.74,0.72,1.22,2.04,10099,1504286,285499,34311547,0.0354,14.0933
2021-02-11,0.15,0.19,0.27,3.36,3.17,4.21,3.44,3.89,0.24,1.25,1.66,0.7,1.22,2.01,8404,1512690,237134,34548681,0.0354,13.911299999999999
2021-02-12,0.15,0.18,0.28,3.17,3.08,3.71,3.44,3.69,0.2,1.26,1.64,0.66,1.13,1.99,8763,1521453,253563,34802244,0.0346,13.2014
2021-02-13,0.17,0.21,0.27,3.19,3.24,3.63,3.46,3.94,0.19,1.43,1.76,0.61,1.17,2.12,8316,1529769,234708,35036952,0.0354,13.4525
2021-02-14,0.17,0.22,0.27,3.07,3.12,3.59,3.16,3.75,0.18,1.34,1.76,0.64,1.14,2.19,6365,1536134,180504,35217456,0.0353,12.930100000000003
2021-02-15,0.15,0.2,0.27,3.31,3.32,4.17,3.38,3.96,0.22,1.38,1.89,0.75,1.23,2.26,6753,1542887,136392,35353848,0.0495,14.040399999999998
2021-02-16,0.15,0.21,0.24,3.29,3.29,4.37,3.32,3.98,0.24,1.29,1.85,0.8,1.25,2.19,6092,1548979,169963,35523811,0.0358,14.100499999999998
2021-02-17,0.15,0.19,0.28,3.26,3.21,4.27,3.35,3.94,0.23,1.28,1.78,0.76,1.24,2.17,6794,1555773,215731,35739542,0.0315,13.943999999999997
2021-02-18,0.14,0.18,0.25,3.31,3.2,4.14,3.3,4.1,0.23,1.34,1.79,0.73,1.26,2.08,8710,1564483,249248,35988790,0.0349,13.921699999999998
2021-02-19,0.15,0.19,0.23,3.2,3.23,4.05,3.17,4.08,0.23,1.26,1.75,0.7,1.21,2.13,7692,1572175,251645,36240435,0.0306,13.608299999999998
2021-02-20,0.17,0.2,0.24,3.21,3.38,3.94,3.22,4.07,0.2,1.37,1.87,0.64,1.22,2.28,6610,1578785,221157,36461592,0.0299,13.674100000000001
2021-02-21,0.17,0.21,0.27,3.19,3.36,4.13,3.17,4.05,0.23,1.39,1.9,0.7,1.21,2.33,6146,1584931,142019,36603611,0.0433,13.804400000000001
2021-02-22,0.15,0.19,0.26,3.29,3.38,4.61,3.32,4.0,0.25,1.24,1.85,0.76,1.2,2.25,6654,1591585,157333,36760944,0.0423,14.2702
2021-02-23,0.14,0.2,0.26,3.3,3.38,4.72,3.42,4.04,0.25,1.25,1.83,0.78,1.23,2.15,6189,1597774,216813,36977757,0.0285,14.455
2021-02-24,0.15,0.19,0.24,3.27,3.29,4.57,3.31,4.05,0.26,1.22,1.78,0.79,1.25,2.11,8746,1606520,278942,37256699,0.0314,14.2027
2021-02-25,0.14,0.19,0.26,3.23,3.25,4.47,3.33,3.98,0.24,1.18,1.71,0.75,1.17,2.1,8204,1614724,291189,37547888,0.0282,13.9807
2021-02-26,0.13,0.18,0.25,3.14,3.16,4.05,3.25,3.76,0.24,1.18,1.7,0.68,1.12,2.05,8141,1622865,285307,37833195,0.0285,13.3366
2021-02-27,0.16,0.23,0.25,3.15,3.29,3.95,3.27,4.13,0.21,1.32,1.8,0.66,1.19,2.24,7580,1630445,273720,38106915,0.0277,13.653099999999998
2021-02-28,0.15,0.2,0.24,3.14,3.33,4.04,3.08,3.9,0.22,1.28,1.82,0.68,1.14,2.31,6235,1636680,174158,38281073,0.0358,13.4233
2021-03-01,0.14,0.19,0.26,3.18,3.27,4.45,3.27,3.77,0.22,1.14,1.8,0.74,1.19,2.19,5800,1642480,128034,38409107,0.0453,13.790000000000003
2021-03-02,0.14,0.2,0.25,3.2,3.2,4.4,3.27,3.75,0.24,1.19,1.69,0.73,1.23,2.04,7704,1650184,218069,38627176,0.0353,13.7041
2021-03-03,0.14,0.19,0.27,3.27,3.28,4.58,3.33,4.08,0.24,1.29,1.72,0.78,1.22,2.08,7593,1657777,270089,38897265,0.0281,14.2081
2021-03-04,0.14,0.18,0.25,3.24,3.27,4.46,3.28,3.88,0.26,1.28,1.67,0.72,1.19,2.1,8956,1666733,296935,39194200,0.0302,13.883099999999999
2021-03-05,0.15,0.17,0.26,3.27,3.12,3.98,3.2,3.74,0.24,1.35,1.65,0.68,1.16,2.08,7647,1674380,273132,39467332,0.0279999999999999,13.363600000000002
2021-03-06,0.16,0.2,0.26,3.22,3.25,3.94,3.17,3.89,0.2,1.47,1.82,0.62,1.2,2.28,6789,1681169,227768,39695100,0.0298,13.471099999999998
2021-03-07,0.15,0.2,0.27,3.2,3.28,4.01,3.24,3.87,0.21,1.39,1.82,0.66,1.2,2.26,5309,1686478,146456,39841556,0.0362,13.576099999999999
2021-03-08,0.15,0.19,0.27,3.31,3.3,4.41,3.39,3.86,0.24,1.3,1.74,0.73,1.25,2.15,6850,1693328,174514,40016070,0.0393,14.064499999999999
2021-03-09,0.13,0.16,0.25,3.33,3.21,4.48,3.48,3.86,0.25,1.35,1.69,0.76,1.27,2.05,6489,1699817,205616,40221686,0.0316,14.1463
2021-03-10,0.14,0.18,0.25,3.36,3.24,4.41,3.39,3.77,0.26,1.3,1.68,0.74,1.23,2.1,6747,1706564,243153,40464839,0.0277,13.997399999999999
2021-03-11,0.14,0.18,0.24,3.26,3.22,4.35,3.42,3.78,0.25,1.21,1.66,0.74,1.23,2.0,9299,1715863,299278,40764117,0.0311,13.857099999999999
2021-03-12,0.13,0.17,0.23,3.13,3.21,4.0,3.2,3.61,0.23,1.21,1.64,0.69,1.14,2.06,6600,1722463,225793,40989910,0.0292,13.1644
2021-03-13,0.16,0.2,0.25,3.17,3.33,3.88,3.23,3.7,0.2,1.39,1.78,0.64,1.21,2.26,5943,1728406,206680,41196590,0.0288,13.343099999999996
2021-03-14,0.15,0.21,0.26,3.16,3.24,3.98,3.06,3.56,0.19,1.37,1.77,0.67,1.2,2.23,5807,1734213,127005,41323595,0.0457,13.1477
2021-03-15,0.14,0.21,0.26,3.36,3.31,4.37,3.28,3.59,0.24,1.34,1.79,0.74,1.29,2.19,6508,1740721,157096,41480691,0.0414,13.881800000000002
2021-03-16,0.14,0.21,0.27,3.54,3.32,4.55,3.47,3.67,0.24,1.45,1.75,0.74,1.33,2.18,8976,1749697,263401,41744092,0.0341,14.366
2021-03-17,0.14,0.19,0.25,3.28,3.27,4.28,3.41,3.66,0.24,1.38,1.72,0.7,1.24,2.12,7796,1757493,271463,42015555,0.0287,13.8069
2021-03-18,0.16,0.21,0.24,3.39,3.32,4.43,3.4,3.77,0.24,1.33,1.72,0.71,1.28,2.18,8262,1765755,278590,42294145,0.0297,14.0944
2021-03-19,0.14,0.19,0.26,3.2,3.24,3.94,3.12,3.39,0.23,1.28,1.64,0.66,1.2,2.08,7623,1773378,258129,42552274,0.0295,13.045000000000002
2021-03-20,0.16,0.21,0.27,3.32,3.41,3.81,3.22,3.8,0.21,1.5,1.76,0.65,1.28,2.24,7938,1781316,246266,42798540,0.0322,13.563300000000002
2021-03-21,0.17,0.21,0.25,3.33,3.3,3.94,3.23,3.79,0.22,1.53,1.79,0.7,1.25,2.32,6361,1787677,152328,42950868,0.0418,13.6484
2021-03-22,0.15,0.21,0.27,3.46,3.35,4.36,3.36,3.64,0.24,1.4,1.77,0.77,1.31,2.23,6801,1794478,143521,43094389,0.0474,14.1061
2021-03-23,0.16,0.26,0.24,3.49,3.35,4.5,3.46,3.66,0.25,1.36,1.71,0.75,1.34,2.13,7278,1801756,207496,43301885,0.0351,14.272499999999999
2021-03-24,0.15,0.25,0.26,3.5,3.38,4.46,3.51,3.69,0.24,1.35,1.68,0.73,1.32,2.07,8081,1809837,268276,43570161,0.0301,14.289099999999998
2021-03-25,0.15,0.27,0.24,3.3,3.3,4.24,3.54,3.71,0.25,1.31,1.65,0.75,1.26,2.08,8507,1818344,282449,43852610,0.0301,13.9623
2021-03-26,0.16,0.25,0.24,3.28,3.21,3.86,3.54,3.57,0.23,1.23,1.67,0.67,1.23,2.12,8201,1826545,259945,44112555,0.0315,13.5249
2021-03-27,0.17,0.26,0.26,3.23,3.4,3.75,3.42,3.71,0.2,1.45,1.77,0.62,1.26,2.3,9395,1835940,267261,44379816,0.0352,13.5341
2021-03-28,0.18,0.29,0.26,3.39,3.55,3.92,3.55,3.92,0.22,1.43,1.82,0.69,1.29,2.35,7622,1843562,184530,44564346,0.0412999999999999,14.152800000000001
2021-03-29,0.18,0.28,0.28,3.47,3.48,4.13,3.47,3.66,0.23,1.36,1.8,0.74,1.29,2.25,6488,1850050,151437,44715783,0.0428,14.1248
2021-03-30,0.17,0.3,0.27,3.49,3.38,4.2,3.55,3.81,0.24,1.41,1.77,0.72,1.31,2.16,8382,1858432,220369,44936152,0.038,14.281200000000002
2021-03-31,0.18,0.27,0.26,3.49,3.42,4.18,3.72,3.9,0.26,1.43,1.79,0.74,1.34,2.18,8888,1867320,239652,45175804,0.0371,14.510200000000003
2021-04-01,0.15,0.27,0.25,3.39,3.35,4.0,3.53,3.67,0.24,1.34,1.72,0.68,1.27,2.1,7787,1875107,257646,45433450,0.0344,13.87
2021-04-02,0.15,0.23,0.3,3.38,3.33,3.87,3.64,3.62,0.24,1.4,1.77,0.66,1.25,2.18,7846,1882953,251210,45684660,0.035,13.8694
2021-04-03,0.17,0.25,0.29,3.37,3.39,3.92,3.61,3.94,0.19,1.57,1.87,0.6,1.3,2.3,7467,1890420,225411,45910071,0.0365,14.102200000000002
2021-04-04,0.16,0.24,0.26,3.27,3.43,3.96,3.49,3.71,0.19,1.56,1.86,0.64,1.21,2.35,6583,1897003,150225,46060296,0.0462,13.7925
2021-04-05,0.16,0.23,0.26,3.5,3.45,4.42,3.59,3.8,0.25,1.5,1.88,0.74,1.32,2.32,5748,1902751,132864,46193160,0.0469,14.545300000000001
2021-04-06,0.14,0.2,0.28,3.56,3.37,4.57,3.78,3.85,0.25,1.61,1.84,0.72,1.35,2.23,7213,1909964,221674,46414834,0.0369,14.828699999999998
2021-04-07,0.14,0.21,0.28,3.51,3.35,4.5,3.87,3.89,0.26,1.57,1.79,0.73,1.34,2.24,8379,1918343,263737,46678571,0.0344,14.8216
2021-04-08,0.14,0.21,0.27,3.44,3.34,4.35,3.95,3.93,0.23,1.5,1.78,0.73,1.26,2.18,9014,1927357,304956,46983527,0.0317,14.678199999999999
2021-04-09,0.14,0.19,0.3,3.41,3.33,3.96,3.85,3.69,0.23,1.41,1.77,0.65,1.19,2.17,7283,1934640,260700,47244227,0.0301,14.1134
2021-04-10,0.15,0.21,0.27,3.31,3.46,3.93,3.9,3.96,0.18,1.44,1.91,0.61,1.2,2.4,6764,1941404,226048,47470275,0.0313,14.276799999999998
2021-04-11,0.14,0.21,0.24,3.35,3.62,4.06,3.63,3.83,0.2,1.41,1.93,0.69,1.21,2.46,4926,1946330,131436,47601711,0.0411,14.212
2021-04-12,0.14,0.21,0.28,3.48,3.57,4.33,3.83,3.78,0.24,1.29,1.89,0.74,1.26,2.32,5029,1951359,128912,47730623,0.0412,14.6552
2021-04-13,0.14,0.19,0.28,3.52,3.49,4.47,3.81,4.09,0.25,1.27,1.83,0.75,1.23,2.31,6192,1957551,208163,47938786,0.0326,14.884400000000001
2021-04-14,0.14,0.2,0.25,3.4,3.37,4.49,3.62,4.12,0.24,1.33,1.87,0.75,1.26,2.32,6884,1964435,249103,48187889,0.0302999999999999,14.625800000000002
2021-04-15,0.13,0.18,0.26,3.41,3.48,4.36,3.78,3.91,0.25,1.3,1.88,0.75,1.21,2.25,6555,1970990,232929,48420818,0.0302999999999999,14.577400000000003
2021-04-16,0.13,0.16,0.28,3.2,3.38,3.99,3.44,3.65,0.23,1.25,1.79,0.68,1.21,2.23,8235,1979225,296240,48717058,0.0289,13.6261
2021-04-17,0.13,0.17,0.28,3.22,3.47,3.95,3.42,4.02,0.19,1.4,1.9,0.61,1.2,2.47,5704,1984929,243171,48960229,0.0245,13.871100000000002
2021-04-18,0.14,0.19,0.26,3.3,3.57,4.21,3.41,4.03,0.2,1.41,1.94,0.68,1.26,2.53,4339,1989268,147583,49107812,0.0324,14.2214
2021-04-19,0.12,0.18,0.27,3.47,3.52,4.6,3.48,4.01,0.26,1.41,1.87,0.74,1.31,2.34,3922,1993190,116483,49224295,0.0369,14.674999999999999
2021-04-20,0.13,0.16,0.26,3.39,3.39,4.48,3.42,3.85,0.24,1.47,1.76,0.75,1.32,2.19,4326,1997516,202400,49426695,0.0236,14.2795
2021-04-21,0.11,0.17,0.25,3.41,3.34,4.5,3.48,3.82,0.24,1.55,1.74,0.74,1.33,2.2,4996,2002512,242432,49669127,0.0226,14.312499999999998
2021-04-22,0.1,0.15,0.29,3.47,3.46,4.42,3.56,3.77,0.25,1.5,1.73,0.69,1.31,2.19,4901,2007413,240930,49910057,0.0213,14.372700000000002
2021-04-23,0.1,0.14,0.27,3.33,3.31,4.12,3.54,3.93,0.24,1.51,1.72,0.65,1.27,2.2,4164,2011577,233067,50143124,0.0192,14.0297
2021-04-24,0.11,0.17,0.27,3.4,3.4,4.0,3.53,4.24,0.19,1.88,1.89,0.66,1.3,2.45,4087,2015664,217972,50361096,0.0196,14.344700000000001
2021-04-25,0.12,0.17,0.26,3.38,3.43,4.12,3.37,3.95,0.21,1.8,1.82,0.7,1.34,2.39,3039,2018703,126953,50488049,0.0253,14.122100000000003
2021-04-26,0.11,0.16,0.27,3.51,3.5,4.49,3.41,3.85,0.25,1.55,1.76,0.73,1.37,2.31,2704,2021407,103675,50591724,0.0282,14.4611
2021-04-27,0.09,0.16,0.28,3.65,3.44,4.77,3.63,3.95,0.23,1.72,1.79,0.71,1.43,2.25,3146,2024553,173527,50765251,0.0189,14.986200000000002
2021-04-28,0.09,0.14,0.28,3.54,3.39,4.48,3.77,3.94,0.23,1.89,1.72,0.75,1.34,2.17,4073,2028626,226068,50991319,0.0186,14.7667
2021-04-29,0.1,0.14,0.25,3.53,3.44,4.43,3.76,3.89,0.24,1.81,1.74,0.76,1.33,2.23,3868,2032494,220074,51211393,0.0183,14.706499999999997
2021-04-30,0.1,0.13,0.25,3.38,3.27,3.9,3.48,3.55,0.23,1.7,1.67,0.68,1.23,2.14,3725,2036219,232942,51444335,0.0166,13.622299999999997
2021-05-01,0.1,0.15,0.31,3.56,3.38,3.82,3.45,3.78,0.19,2.05,1.77,0.66,1.32,2.35,2849,2039068,191257,51635592,0.0156,14.014899999999999
2021-05-02,0.1,0.14,0.26,3.55,3.51,4.08,3.46,4.01,0.2,2.17,1.85,0.7,1.35,2.45,2200,2041268,113139,51748731,0.0199,14.4206
2021-05-03,0.1,0.14,0.24,3.7,3.49,4.39,3.44,3.84,0.24,1.89,1.81,0.75,1.46,2.34,2173,2043441,96747,51845478,0.0237999999999999,14.644099999999998
2021-05-04,0.1,0.15,0.24,3.5,3.42,4.32,3.52,3.72,0.23,1.55,1.75,0.73,1.4,2.3,2463,2045904,165597,52011075,0.0154,14.299999999999997
2021-05-05,0.09,0.14,0.28,3.53,3.44,4.21,3.6,3.6,0.23,1.39,1.76,0.67,1.39,2.24,2585,2048489,203644,52214719,0.0134,14.2204
2021-05-06,0.09,0.12,0.28,3.43,3.39,4.17,3.51,3.66,0.23,1.47,1.76,0.65,1.35,2.28,2370,2050859,194988,52409707,0.0127,14.0378
2021-05-07,0.08,0.13,0.28,3.61,3.33,3.91,3.39,3.65,0.21,1.91,1.71,0.64,1.37,2.2,3195,2054054,248572,52658279,0.0136,13.909400000000002
2021-05-08,0.09,0.13,0.27,3.59,3.33,3.71,3.26,3.69,0.19,1.89,1.82,0.61,1.37,2.39,2269,2056323,171287,52829566,0.0139,13.7143
2021-05-09,0.09,0.13,0.25,3.46,3.4,3.79,3.01,3.6,0.17,1.65,1.79,0.59,1.4,2.35,1580,2057903,110541,52940107,0.0151,13.3642
2021-05-10,0.08,0.14,0.26,3.75,3.58,4.36,3.32,3.66,0.25,1.6,1.86,0.7,1.51,2.35,1516,2059419,99656,53039763,0.0163,14.495200000000004
2021-05-11,0.08,0.14,0.26,3.71,3.46,4.36,3.31,3.65,0.24,1.61,1.72,0.65,1.57,2.2,1830,2061249,165892,53205655,0.0113999999999999,14.325199999999999
2021-05-12,0.08,0.12,0.27,3.73,3.39,4.3,3.33,3.6,0.27,1.75,1.69,0.67,1.51,2.17,2216,2063465,204531,53410186,0.0112,14.2732
2021-05-13,0.08,0.12,0.24,3.7,3.34,4.07,3.25,3.69,0.24,1.75,1.68,0.65,1.47,2.16,2068,2065533,203852,53614038,0.0106,14.005599999999998
2021-05-14,0.07,0.11,0.22,3.6,3.23,3.82,3.22,3.48,0.24,1.81,1.68,0.61,1.42,2.18,2041,2067574,193450,53807488,0.0109,13.526099999999996
2021-05-15,0.09,0.11,0.21,3.7,3.43,3.75,3.23,3.66,0.2,2.11,1.87,0.58,1.5,2.45,1561,2069135,156380,53963868,0.0103,13.874
2021-05-16,0.09,0.12,0.21,3.73,3.43,3.83,3.14,3.58,0.18,2.13,1.79,0.64,1.5,2.42,1278,2070413,101173,54065041,0.0132,13.8241
2021-05-17,0.08,0.12,0.21,3.75,3.44,4.17,3.16,3.48,0.23,1.78,1.73,0.69,1.54,2.24,1030,2071443,95870,54160911,0.0108,14.0077
2021-05-18,0.07,0.11,0.21,3.75,3.45,4.25,3.16,3.53,0.24,1.76,1.65,0.65,1.56,2.13,1431,2072874,142770,54303681,0.0104,14.034599999999998
2021-05-19,0.08,0.12,0.18,3.64,3.33,4.12,3.15,3.45,0.24,1.71,1.63,0.63,1.49,2.1,1583,2074457,186078,54489759,0.0088,13.690799999999998
2021-05-20,0.08,0.12,0.19,3.58,3.39,4.12,3.06,3.39,0.22,1.67,1.61,0.6,1.43,2.14,1540,2075997,179556,54669315,0.0088,13.5028
2021-05-21,0.07,0.11,0.19,3.51,3.47,3.76,2.86,3.28,0.23,1.61,1.62,0.58,1.41,2.17,1347,2077344,167918,54837233,0.0081999999999999,13.010499999999999
2021-05-22,0.08,0.11,0.19,3.53,3.56,3.77,3.06,3.62,0.19,1.76,1.8,0.55,1.41,2.37,1073,2078417,138927,54976160,0.0079,13.490200000000002
2021-05-23,0.08,0.12,0.16,3.34,3.56,3.74,2.84,3.39,0.18,1.71,1.71,0.58,1.43,2.35,929,2079346,85019,55061179,0.0109,12.963999999999999
2021-05-24,0.07,0.11,0.19,3.69,3.58,4.17,2.92,3.45,0.26,1.64,1.7,0.64,1.51,2.23,767,2080113,76551,55137730,0.01,13.737099999999998
2021-05-25,0.07,0.12,0.2,3.63,3.57,4.22,2.88,3.44,0.27,1.68,1.77,0.64,1.51,2.25,936,2081049,133208,55270938,0.0072,13.720999999999997
2021-05-26,0.07,0.13,0.19,3.4,3.4,4.07,2.82,3.42,0.24,1.43,1.7,0.64,1.42,2.15,1055,2082104,162450,55433388,0.0066,13.1894
2021-05-27,0.07,0.13,0.17,3.38,3.32,4.02,2.74,3.26,0.23,1.37,1.67,0.62,1.39,2.13,937,2083041,159504,55592892,0.006,12.891699999999998
2021-05-28,0.08,0.15,0.19,3.43,3.4,3.65,2.77,3.31,0.18,1.41,1.7,0.57,1.4,2.18,870,2083911,140392,55733284,0.0063,12.7715
2021-05-29,0.08,0.15,0.2,3.58,3.52,3.59,2.86,3.46,0.19,1.53,1.84,0.53,1.38,2.37,785,2084696,122737,55856021,0.0065,13.132499999999999
2021-05-30,0.07,0.14,0.19,3.55,3.59,3.66,2.58,3.42,0.18,1.5,1.88,0.55,1.38,2.44,494,2085190,71242,55927263,0.0072,12.9442
2021-05-31,0.07,0.13,0.2,3.43,3.59,3.77,2.56,3.38,0.18,1.47,1.85,0.57,1.44,2.4,391,2085581,50528,55977791,0.008,12.8933
2021-06-01,0.07,0.13,0.22,3.59,3.57,4.1,3.11,3.45,0.23,1.5,1.82,0.63,1.62,2.32,431,2086012,71019,56048810,0.0060999999999999,13.8387
2021-06-02,0.07,0.13,0.19,3.63,3.47,4.2,2.93,3.48,0.24,1.54,1.76,0.65,1.61,2.4,565,2086577,128002,56176812,0.0045,13.758799999999997
2021-06-03,0.07,0.15,0.18,3.62,3.42,4.13,2.85,3.45,0.23,1.47,1.72,0.61,1.56,2.47,779,2087356,187686,56364498,0.0042,13.5434
2021-06-04,0.06,0.13,0.19,3.4,3.41,3.75,2.77,3.38,0.28,1.35,1.74,0.59,1.42,2.26,761,2088117,140741,56505239,0.0055,12.945799999999997
2021-06-05,0.06,0.13,0.18,3.37,3.69,3.67,2.8,3.67,0.26,1.52,1.85,0.57,1.45,2.51,549,2088666,117999,56623238,0.0046999999999999,13.2411
2021-06-06,0.07,0.12,0.18,3.29,3.69,3.64,2.73,3.67,0.2,1.5,1.77,0.56,1.48,2.46,463,2089129,70635,56693873,0.0066,13.0321
2021-06-07,0.06,0.13,0.16,3.54,3.56,3.93,2.95,3.46,0.23,1.4,1.77,0.65,1.59,2.34,442,2089571,71953,56765826,0.0062,13.500600000000002
2021-06-08,0.07,0.13,0.18,3.59,3.6,4.01,2.92,3.51,0.25,1.37,1.75,0.61,1.69,2.31,426,2089997,113709,56879535,0.0037,13.643600000000001
2021-06-09,0.06,0.13,0.18,3.56,3.54,4.07,2.9,3.47,0.24,1.31,1.71,0.63,1.58,2.25,566,2090563,139492,57019027,0.0040999999999999,13.5249
2021-06-10,0.06,0.11,0.18,3.5,3.51,3.94,2.85,3.47,0.22,1.32,1.67,0.62,1.5,2.19,480,2091043,130071,57149098,0.0037,13.267800000000001
2021-06-11,0.06,0.1,0.2,3.58,3.51,3.75,2.85,3.32,0.22,1.36,1.7,0.56,1.51,2.23,533,2091576,141568,57290666,0.0038,13.128499999999999
2021-06-12,0.06,0.09,0.19,3.55,4.0,3.75,2.8,3.59,0.2,1.45,1.85,0.55,1.53,2.48,383,2091959,110437,57401103,0.0034999999999999,13.4827
2021-06-13,0.06,0.1,0.18,3.54,4.0,3.87,2.74,3.57,0.2,1.44,1.91,0.57,1.56,2.54,320,2092279,61634,57462737,0.0052,13.535199999999998
2021-06-14,0.07,0.1,0.2,3.8,3.79,4.12,2.92,3.46,0.25,1.38,1.83,0.65,1.66,2.35,320,2092599,55438,57518175,0.0058,13.981699999999996
2021-06-15,0.06,0.15,0.18,3.77,3.64,4.11,2.88,3.41,0.22,1.39,1.74,0.63,1.68,2.19,349,2092948,100477,57618652,0.0034999999999999,13.754499999999998
2021-06-16,0.06,0.11,0.2,3.82,3.67,4.07,2.85,3.42,0.24,1.45,1.8,0.63,1.67,2.25,418,2093366,119272,57737924,0.0034999999999999,13.8124
2021-06-17,0.06,0.12,0.21,3.8,3.55,4.0,2.89,3.42,0.22,1.54,1.75,0.59,1.65,2.27,370,2093736,110387,57848311,0.0034,13.6981
2021-06-18,0.07,0.1,0.18,3.72,3.54,3.82,2.88,3.42,0.2,1.57,1.81,0.54,1.61,2.28,418,2094154,107751,57956062,0.0039,13.454199999999997
2021-06-19,0.06,0.11,0.17,3.69,3.73,3.73,2.88,3.66,0.19,1.58,1.87,0.55,1.63,2.52,258,2094412,88294,58044356,0.0029,13.6407
2021-06-20,0.07,0.12,0.18,3.51,3.76,3.87,2.75,3.46,0.18,1.45,1.86,0.54,1.68,2.53,251,2094663,58372,58102728,0.0043,13.368899999999996
2021-06-21,0.06,0.1,0.16,3.94,3.71,4.2,2.86,3.4,0.23,1.44,1.79,0.64,1.78,2.36,260,2094923,55329,58158057,0.0046999999999999,14.0313
2021-06-22,0.07,0.1,0.19,4.01,3.66,4.18,2.88,3.3,0.23,1.48,1.78,0.6,1.85,2.32,310,2095233,90350,58248407,0.0034,14.037199999999999
2021-06-23,0.06,0.1,0.2,4.08,3.57,4.03,2.86,3.5,0.22,1.51,1.79,0.6,1.76,2.25,343,2095576,113108,58361515,0.003,14.030100000000001
2021-06-24,0.06,0.1,0.2,3.96,3.58,3.9,2.83,3.5,0.22,1.55,1.77,0.61,1.76,2.25,343,2095919,95628,58457143,0.0036,13.831400000000002
2021-06-25,0.06,0.1,0.19,3.94,3.67,3.7,2.78,3.37,0.21,1.57,1.81,0.58,1.66,2.36,385,2096304,97020,58554163,0.004,13.5683
2021-06-26,0.07,0.09,0.18,3.85,3.9,3.69,2.95,3.64,0.2,1.75,1.96,0.56,1.7,2.66,346,2096650,84292,58638455,0.0040999999999999,13.969199999999999
2021-06-27,0.06,0.1,0.17,3.86,3.95,3.67,2.88,3.56,0.21,1.68,2.01,0.57,1.73,2.63,290,2096940,55334,58693789,0.0052,13.9048
2021-06-28,0.06,0.1,0.17,4.07,3.98,3.92,3.05,3.53,0.29,1.61,1.88,0.62,1.86,2.56,275,2097215,54196,58747985,0.0051,14.4365
2021-06-29,0.07,0.1,0.18,4.14,3.98,3.97,3.13,3.51,0.26,1.62,1.85,0.61,1.95,2.45,345,2097560,80310,58828295,0.0043,14.574699999999998
2021-06-30,0.07,0.09,0.18,4.08,3.87,3.84,3.13,3.5,0.23,1.65,1.82,0.62,1.82,2.38,411,2097971,80956,58909251,0.0051,14.3125
2021-07-01,0.06,0.11,0.18,4.19,3.83,3.88,3.02,3.46,0.22,1.64,1.83,0.62,1.78,2.36,506,2098477,76902,58986153,0.0066,14.282399999999999
2021-07-02,0.07,0.09,0.17,4.13,3.87,3.63,2.94,3.6,0.23,1.66,1.82,0.57,1.72,2.33,410,2098887,79184,59065337,0.0052,14.050999999999998
2021-07-03,0.08,0.1,0.2,4.16,4.39,3.6,2.83,3.67,0.2,1.71,1.94,0.54,1.71,2.53,421,2099308,67237,59132574,0.0063,14.2632
2021-07-04,0.06,0.1,0.21,3.85,5.5,3.51,2.69,3.6,0.18,1.55,1.97,0.49,1.67,2.65,368,2099676,48317,59180891,0.0076,14.1705
2021-07-05,0.07,0.11,0.18,4.08,5.05,3.89,2.84,3.64,0.2,1.71,2.01,0.57,1.92,2.7,255,2099931,35339,59216230,0.0072,14.751299999999999
2021-07-06,0.07,0.11,0.17,4.33,4.21,4.01,3.11,3.52,0.22,1.7,1.9,0.64,2.05,2.46,486,2100417,51237,59267467,0.0095,14.890300000000002
2021-07-07,0.07,0.11,0.19,4.47,4.07,4.07,3.19,3.56,0.24,1.74,1.87,0.64,2.05,2.36,670,2101087,98677,59366144,0.0068,15.085499999999998
2021-07-08,0.07,0.12,0.19,4.41,3.97,3.97,3.15,3.55,0.22,1.74,1.87,0.64,1.97,2.4,817,2101904,86906,59453050,0.0093999999999999,14.859799999999998
2021-07-09,0.07,0.12,0.17,4.43,4.06,3.71,3.18,3.55,0.21,1.73,1.83,0.59,1.83,2.33,661,2102565,80311,59533361,0.0081999999999999,14.646499999999998
2021-07-10,0.08,0.11,0.19,4.3,4.14,3.79,3.18,3.59,0.19,1.74,1.95,0.56,1.83,2.57,666,2103231,65049,59598410,0.0102,14.6968
2021-07-11,0.08,0.12,0.19,4.45,4.08,3.83,3.04,3.58,0.17,1.77,2.03,0.57,1.87,2.64,573,2103804,51890,59650300,0.011,14.757299999999999
2021-07-12,0.07,0.13,0.2,4.64,4.11,4.21,3.22,3.65,0.24,1.76,1.95,0.65,2.01,2.58,643,2104447,50053,59700353,0.0128,15.4652
2021-07-13,0.08,0.12,0.19,4.77,4.01,4.32,3.27,3.74,0.26,1.74,1.94,0.66,2.07,2.54,812,2105259,75015,59775368,0.0108,15.723099999999997
2021-07-14,0.08,0.12,0.18,4.59,3.91,4.16,3.51,3.65,0.24,1.7,1.95,0.62,2.0,2.48,956,2106215,81951,59857319,0.0116999999999999,15.495499999999996
2021-07-15,0.08,0.11,0.18,4.48,3.89,4.01,3.28,3.68,0.23,1.67,1.93,0.62,1.93,2.46,981,2107196,79920,59937239,0.0123,15.0875
2021-07-16,0.09,0.12,0.18,4.39,3.93,3.8,3.28,3.58,0.23,1.66,1.93,0.62,1.86,2.62,1156,2108352,82968,60020207,0.0139,14.833699999999999
2021-07-17,0.09,0.12,0.18,4.33,3.96,3.69,3.14,3.67,0.19,1.72,1.96,0.56,1.88,2.66,1142,2109494,75846,60096053,0.0151,14.637599999999999
2021-07-18,0.09,0.13,0.18,4.44,4.09,3.85,3.13,3.73,0.2,1.7,2.01,0.59,1.87,2.65,823,2110317,69665,60165718,0.0118,14.9411
2021-07-19,0.09,0.14,0.19,4.95,4.13,4.22,3.37,3.68,0.21,1.75,2.01,0.66,2.06,2.6,1144,2111461,68705,60234423,0.0167,15.905600000000003
2021-07-20,0.08,0.13,0.2,4.89,3.99,4.32,3.37,3.71,0.25,1.76,1.97,0.66,2.09,2.5,1452,2112913,83082,60317505,0.0175,15.8956
2021-07-21,0.08,0.13,0.2,4.89,4.0,4.26,3.43,3.73,0.25,1.94,1.94,0.67,2.03,2.49,1584,2114497,93174,60410679,0.017,15.9102
2021-07-22,0.09,0.13,0.21,4.88,4.05,4.22,3.49,3.75,0.23,1.84,1.95,0.63,2.04,2.49,1830,2116327,102866,60513545,0.0178,15.9261
2021-07-23,0.1,0.14,0.22,4.71,3.96,3.9,3.56,3.66,0.23,1.86,1.93,0.58,1.95,2.45,1846,2118173,99178,60612723,0.0186,15.4894
2021-07-24,0.1,0.16,0.2,4.73,4.03,3.95,3.4,3.8,0.2,1.92,2.02,0.57,2.0,2.7,1982,2120155,88877,60701600,0.0223,15.5743
2021-07-25,0.1,0.16,0.21,4.68,4.06,3.99,3.33,3.7,0.21,1.85,2.01,0.61,1.99,2.64,1296,2121451,56868,60758468,0.0227999999999999,15.4667
2021-07-26,0.11,0.15,0.19,4.92,4.13,4.3,3.5,3.79,0.24,1.8,1.97,0.67,2.07,2.52,1679,2123130,68369,60826837,0.0246,16.1145
2021-07-27,0.1,0.14,0.21,4.93,4.04,4.33,3.54,3.68,0.24,1.81,1.95,0.66,2.06,2.47,2203,2125333,98944,60925781,0.0223,16.061
2021-07-28,0.1,0.14,0.22,5.01,4.0,4.3,3.5,3.72,0.24,1.87,1.9,0.65,2.08,2.4,2567,2127900,103159,61028940,0.0249,16.0745
2021-07-29,0.09,0.15,0.21,4.76,3.95,4.08,3.43,3.68,0.23,1.77,1.96,0.63,1.95,2.41,2677,2130577,108797,61137737,0.0246,15.565199999999997
2021-07-30,0.1,0.16,0.21,4.58,3.83,4.07,3.37,3.65,0.23,1.7,1.93,0.6,1.87,2.4,3050,2133627,119566,61257303,0.0255,15.232899999999997
2021-07-31,0.1,0.18,0.24,4.76,3.94,3.78,3.48,3.77,0.23,1.85,2.04,0.55,1.91,2.61,2516,2136143,93818,61351121,0.0268,15.495
2021-08-01,0.12,0.19,0.22,4.73,3.98,3.94,3.46,3.72,0.2,1.86,2.02,0.61,1.9,2.66,2143,2138286,72514,61423635,0.0296,15.544099999999998
2021-08-02,0.11,0.17,0.23,4.82,4.02,4.21,3.54,3.75,0.23,1.75,1.95,0.66,1.98,2.5,2932,2141218,84610,61508245,0.0347,15.908100000000001
2021-08-03,0.12,0.17,0.24,4.92,3.94,4.35,3.6,3.8,0.25,1.78,1.92,0.65,2.01,2.4,3115,2144333,121015,61629260,0.0256999999999999,16.133000000000003
2021-08-04,0.11,0.18,0.23,4.9,3.85,4.37,3.6,3.86,0.27,1.81,1.88,0.65,2.03,2.46,3644,2147977,131519,61760779,0.0277,16.1413
2021-08-05,0.11,0.17,0.23,4.8,3.86,4.34,3.53,3.79,0.26,1.78,1.9,0.64,1.9,2.43,3700,2151677,134202,61894981,0.0276,15.879100000000001
2021-08-06,0.13,0.18,0.21,4.57,3.91,3.94,3.43,3.67,0.23,1.72,1.91,0.62,1.81,2.48,4385,2156062,145813,62040794,0.0301,15.237099999999998
2021-08-07,0.15,0.21,0.2,4.56,4.09,3.98,3.36,3.85,0.2,1.79,2.04,0.59,1.85,2.67,3467,2159529,113265,62154059,0.0306,15.431699999999996
2021-08-08,0.14,0.21,0.22,4.51,4.08,3.93,3.42,3.67,0.2,1.71,2.07,0.61,1.81,2.68,3615,2163144,108965,62263024,0.0332,15.306199999999999
2021-08-09,0.13,0.21,0.21,4.72,4.04,4.26,3.57,3.85,0.24,1.69,2.02,0.69,1.89,2.58,3222,2166366,91020,62354044,0.0354,15.960699999999997
2021-08-10,0.14,0.21,0.2,4.66,3.96,5.55,3.66,3.82,0.27,1.66,1.96,0.72,1.9,2.46,4150,2170516,145311,62499355,0.0286,16.730700000000002
2021-08-11,0.14,0.22,0.2,4.6,4.04,4.87,3.62,3.86,0.25,1.69,1.92,0.72,1.89,2.48,4701,2175217,153925,62653280,0.0305,16.258100000000002
2021-08-12,0.14,0.21,0.2,4.46,4.02,4.23,3.57,3.88,0.26,1.63,1.92,0.66,1.81,2.44,4591,2179808,147718,62800998,0.0311,15.634799999999998
2021-08-13,0.13,0.19,0.21,4.39,3.97,4.0,3.48,3.75,0.22,1.64,1.96,0.62,1.77,2.52,4474,2184282,152641,62953639,0.0293,15.226999999999999
2021-08-14,0.15,0.2,0.21,4.45,4.11,3.92,3.43,3.92,0.21,1.7,2.04,0.56,1.82,2.67,4479,2188761,154566,63108205,0.0289999999999999,15.379499999999998
2021-08-15,0.15,0.23,0.22,4.42,4.1,3.98,3.33,3.78,0.2,1.74,2.0,0.62,1.83,2.6,3575,2192336,99005,63207210,0.0361,15.250599999999997
2021-08-16,0.14,0.21,0.22,4.57,4.26,4.28,3.5,3.81,0.24,1.7,1.9,0.71,1.87,2.46,3567,2195903,90571,63297781,0.0394,15.807400000000003
2021-08-17,0.13,0.2,0.22,4.58,4.18,4.43,3.57,3.82,0.25,1.71,1.91,0.69,1.84,2.41,4737,2200640,156128,63453909,0.0302999999999999,15.917099999999998
2021-08-18,0.13,0.22,0.21,4.46,4.02,4.34,3.64,3.83,0.22,1.61,1.95,0.68,1.81,2.44,5138,2205778,169710,63623619,0.0302999999999999,15.7302
2021-08-19,0.14,0.19,0.2,4.33,3.98,4.18,3.51,3.82,0.24,1.55,1.89,0.65,1.73,2.42,4832,2210610,162820,63786439,0.0297,15.320899999999998
2021-08-20,0.14,0.2,0.21,4.11,4.06,3.92,3.37,3.63,0.21,1.52,1.89,0.62,1.66,2.45,4990,2215600,169716,63956155,0.0294,14.7264
2021-08-21,0.14,0.2,0.19,3.97,3.94,3.74,3.23,3.81,0.17,1.55,1.96,0.59,1.64,2.52,4340,2219940,144065,64100220,0.0301,14.418799999999997
2021-08-22,0.14,0.19,0.19,4.03,3.93,3.77,3.17,3.75,0.18,1.52,1.86,0.61,1.58,2.45,3816,2223756,101685,64201905,0.0375,14.346200000000001
2021-08-23,0.13,0.19,0.21,4.23,3.98,4.12,3.32,3.76,0.23,1.49,1.94,0.71,1.67,2.42,3199,2226955,88918,64290823,0.036,15.0315
2021-08-24,0.13,0.18,0.21,4.35,4.06,4.36,3.53,3.87,0.23,1.55,1.97,0.71,1.75,2.49,4272,2231227,141619,64432442,0.0302,15.599699999999999
2021-08-25,0.13,0.18,0.22,4.23,4.12,4.22,3.6,3.88,0.24,1.59,1.97,0.67,1.74,2.41,5407,2236634,160554,64592996,0.0337,15.476199999999999
2021-08-26,0.14,0.18,0.21,4.14,4.11,4.16,3.58,3.83,0.25,1.49,1.92,0.67,1.68,2.39,6348,2242982,174812,64767808,0.0363,15.262500000000001
2021-08-27,0.14,0.19,0.2,3.99,4.04,3.88,3.38,3.84,0.23,1.47,1.88,0.64,1.69,2.37,5524,2248506,179342,64947150,0.0308,14.734
2021-08-28,0.14,0.19,0.22,4.11,4.15,3.8,3.29,3.78,0.18,1.6,1.97,0.58,1.67,2.57,4246,2252752,149124,65096274,0.0285,14.728100000000001
2021-08-29,0.15,0.18,0.21,3.97,4.04,3.81,3.21,3.63,0.2,1.55,2.0,0.59,1.69,2.61,4147,2256899,107325,65203599,0.0385999999999999,14.452799999999996
2021-08-30,0.13,0.17,0.2,4.06,4.03,4.45,3.4,3.7,0.23,1.47,1.91,0.68,1.75,2.39,3789,2260688,95579,65299178,0.0395999999999999,15.1294
2021-08-31,0.13,0.17,0.21,4.15,3.96,4.24,3.49,3.68,0.23,1.44,1.85,0.68,1.82,2.27,4612,2265300,146496,65445674,0.0315,15.103699999999998
2021-09-01,0.12,0.17,0.2,4.01,3.67,3.95,3.51,3.51,0.24,1.41,1.75,0.65,1.72,2.13,4943,2270243,163926,65609600,0.0302,14.497499999999999
2021-09-02,0.12,0.16,0.22,3.83,3.54,3.74,3.4,3.39,0.21,1.44,1.69,0.6,1.61,2.09,6010,2276253,180218,65789818,0.0333,13.904499999999999
2021-09-03,0.12,0.17,0.23,4.0,3.62,3.68,3.22,3.46,0.2,1.54,1.78,0.61,1.64,2.29,5030,2281283,157302,65947120,0.032,14.024099999999999
2021-09-04,0.14,0.18,0.23,4.02,3.91,3.68,3.29,3.78,0.19,1.68,1.94,0.59,1.73,2.57,4495,2285778,148145,66095265,0.0302999999999999,14.524999999999997
2021-09-05,0.15,0.18,0.23,4.02,3.95,3.77,3.23,3.59,0.18,1.65,1.94,0.61,1.69,2.54,3660,2289438,100288,66195553,0.0365,14.420099999999996
2021-09-06,0.14,0.21,0.21,3.98,4.0,3.88,3.13,3.5,0.2,1.55,1.84,0.64,1.71,2.4,3322,2292760,83316,66278869,0.0399,14.307499999999997
2021-09-07,0.12,0.22,0.22,4.17,3.83,4.08,3.41,3.65,0.22,1.57,1.84,0.67,1.84,2.36,3851,2296611,103608,66382477,0.0372,14.921800000000001
2021-09-08,0.12,0.27,0.27,4.22,3.71,4.25,3.68,3.63,0.23,1.56,1.85,0.67,1.84,2.27,5402,2302013,176675,66559152,0.0306,15.2663
2021-09-09,0.13,0.78,0.22,4.19,3.61,4.05,3.38,3.54,0.24,1.47,1.78,0.66,1.73,2.21,6151,2308164,197952,66757104,0.0311,14.7745
2021-09-10,0.14,0.21,0.24,4.05,3.58,3.71,3.21,3.39,0.23,1.52,1.71,0.62,1.71,2.18,5768,2313932,203374,66960478,0.0283999999999999,14.051
2021-09-11,0.16,0.21,0.24,4.22,3.75,3.81,3.31,3.73,0.19,1.75,1.9,0.59,1.79,2.49,5447,2319379,179025,67139503,0.0304,14.722600000000002
2021-09-12,0.16,0.22,0.21,4.21,3.82,3.92,3.27,3.65,0.2,1.71,1.94,0.62,1.78,2.5,3686,2323065,109138,67248641,0.0338,14.743199999999998
2021-09-13,0.13,0.18,0.21,4.26,3.59,4.14,3.53,3.51,0.25,1.57,1.82,0.7,1.79,2.33,4098,2327163,117753,67366394,0.0348,14.949799999999998
2021-09-14,0.13,0.23,0.23,4.4,3.58,4.21,3.62,3.45,0.24,1.57,1.76,0.71,1.88,2.26,4852,2332015,156001,67522395,0.0311,15.172099999999999
2021-09-15,0.14,0.18,0.24,4.44,3.5,4.19,3.6,3.47,0.25,1.58,1.75,0.73,1.89,2.21,6729,2338744,198053,67720448,0.034,15.1698
2021-09-16,0.13,0.17,0.21,4.38,3.57,4.13,3.54,3.53,0.24,1.57,1.75,0.68,1.86,2.22,5781,2344525,213002,67933450,0.0271,15.0268
2021-09-17,0.12,0.17,0.19,4.3,3.54,3.71,3.35,3.29,0.21,1.56,1.75,0.65,1.73,2.31,5368,2349893,197275,68130725,0.0272,14.302300000000002
2021-09-18,0.14,0.17,0.2,4.5,3.69,3.77,3.41,3.74,0.2,1.66,1.89,0.61,1.8,2.55,5275,2355168,207697,68338422,0.0254,14.976000000000003
2021-09-19,0.12,0.19,0.22,4.45,3.65,3.72,3.44,3.41,0.18,1.73,1.83,0.6,1.9,2.45,3432,2358600,116550,68454972,0.0294,14.725
2021-09-20,0.13,0.16,0.23,4.72,3.53,4.05,3.57,3.43,0.23,1.71,1.86,0.7,1.93,2.28,5242,2363842,143765,68598737,0.0365,15.315499999999998
2021-09-21,0.12,0.19,0.24,4.74,3.57,4.26,3.62,3.49,0.24,1.68,1.81,0.68,2.03,2.26,4673,2368515,178396,68777133,0.0262,15.575699999999998
2021-09-22,0.12,0.21,0.22,4.73,3.57,4.27,3.69,3.48,0.23,1.68,1.75,0.7,2.05,2.27,4814,2373329,198847,68975980,0.0242,15.608999999999998
2021-09-23,0.11,0.18,0.2,4.72,3.4,4.09,3.71,3.43,0.25,1.65,1.67,0.66,1.96,2.17,6070,2379399,222958,69198938,0.0272,15.300899999999999
2021-09-24,0.12,0.17,0.2,4.63,3.35,3.61,3.48,3.25,0.2,1.73,1.62,0.61,1.89,2.18,5288,2384687,209381,69408319,0.0253,14.522799999999998
2021-09-25,0.13,0.25,0.25,4.98,3.58,3.63,3.57,3.67,0.19,2.0,1.88,0.58,2.02,2.49,4314,2389001,180612,69588931,0.0239,15.470200000000002
2021-09-26,0.13,0.29,0.22,5.15,3.63,3.75,3.66,3.54,0.2,2.02,1.91,0.64,2.11,2.52,4004,2393005,128700,69717631,0.0311,15.7834
2021-09-27,0.12,0.28,0.23,5.4,3.64,4.17,3.91,3.63,0.23,2.07,1.79,0.74,2.24,2.4,4114,2397119,134915,69852546,0.0305,16.5895
2021-09-28,0.13,0.23,0.23,5.53,3.49,4.25,3.81,3.52,0.23,2.06,1.73,0.7,2.28,2.27,5137,2402256,190260,70042806,0.027,16.493299999999998
2021-09-29,0.12,0.23,0.23,5.46,3.5,4.39,3.73,3.47,0.23,2.1,1.64,0.71,2.29,2.19,4744,2407000,238866,70281672,0.0199,16.4023
2021-09-30,0.12,0.17,0.24,5.52,4.17,4.13,3.66,3.42,0.24,2.15,1.58,0.65,2.23,2.89,5187,2412187,220916,70502588,0.0235,16.4786
2021-10-01,0.12,0.18,0.24,5.27,3.39,3.59,3.41,3.27,0.2,2.11,1.6,0.61,2.06,2.3,4701,2416888,221209,70723797,0.0213,15.160999999999996
2021-10-02,0.14,0.2,0.24,5.54,3.43,3.63,3.56,3.63,0.18,2.47,1.76,0.6,2.24,2.41,4584,2421472,194919,70918716,0.0235,15.9266
2021-10-03,0.14,0.21,0.21,5.65,3.52,3.77,3.68,3.53,0.19,2.38,1.82,0.65,2.34,2.52,2896,2424368,122193,71040909,0.0237,16.260600000000004
2021-10-04,0.12,0.17,0.21,5.76,3.42,4.12,3.72,3.39,0.23,2.11,1.72,0.74,2.36,2.3,3877,2428245,142635,71183544,0.0272,16.4643
2021-10-05,0.12,0.2,0.23,5.94,3.33,4.11,3.75,3.4,0.24,2.15,1.71,0.74,2.4,2.26,5672,2433917,195894,71379438,0.0289999999999999,16.641299999999994
2021-10-06,0.12,0.2,0.22,5.81,3.34,4.16,3.96,3.62,0.25,2.15,1.71,0.73,2.45,2.23,5243,2439160,225685,71605123,0.0232,16.8751
2021-10-07,0.12,0.2,0.21,5.7,3.35,4.12,3.75,3.57,0.22,2.13,1.7,0.69,2.34,2.22,5654,2444814,229231,71834354,0.0247,16.4655
2021-10-08,0.12,0.17,0.21,5.48,3.38,3.7,3.55,3.44,0.23,2.07,1.64,0.65,2.22,2.2,4804,2449618,216154,72050508,0.0222,15.695500000000001
2021-10-09,0.15,0.21,0.21,5.73,3.49,3.53,3.56,3.51,0.17,2.36,1.82,0.61,2.28,2.47,2785,2452403,108006,72158514,0.0258,15.9939
2021-10-10,0.14,0.22,0.23,5.71,3.49,3.6,3.41,3.5,0.17,2.28,1.82,0.62,2.22,2.44,5128,2457531,207153,72365667,0.0248,15.877
2021-10-11,0.14,0.21,0.23,6.02,3.54,4.11,3.64,3.6,0.23,2.24,1.79,0.69,2.39,2.42,3376,2460907,111564,72477231,0.0302999999999999,16.8425
2021-10-12,0.11,0.18,0.23,6.02,3.45,4.28,3.81,3.66,0.25,2.21,1.76,0.69,2.38,2.37,4658,2465565,152594,72629825,0.0305,17.061999999999998
2021-10-13,0.11,0.18,0.24,5.94,3.39,4.29,3.83,3.7,0.23,2.2,1.74,0.72,2.34,2.34,4401,2469966,200032,72829857,0.022,17.0009
2021-10-14,0.12,0.18,0.23,5.62,3.38,4.23,3.76,3.71,0.24,2.04,1.7,0.68,2.22,2.33,5693,2475659,236861,73066718,0.024,16.5413
2021-10-15,0.12,0.18,0.21,5.31,3.29,3.75,3.5,3.51,0.22,1.96,1.64,0.66,2.06,2.26,5248,2480907,216951,73283669,0.0242,15.485
2021-10-16,0.14,0.2,0.21,5.48,3.58,3.75,3.49,3.71,0.19,2.11,1.82,0.64,2.15,2.5,4204,2485111,208704,73492373,0.0200999999999999,15.969100000000001
2021-10-17,0.14,0.22,0.23,5.61,3.51,3.73,3.39,3.43,0.2,2.1,1.78,0.64,2.18,2.49,3003,2488114,115785,73608158,0.0259,15.813100000000002
2021-10-18,0.11,0.19,0.26,5.84,3.38,4.02,3.59,3.5,0.24,2.12,1.72,0.72,2.17,2.33,2892,2491006,118780,73726938,0.0243,16.3725
2021-10-19,0.11,0.17,0.24,5.94,3.26,4.33,3.64,3.65,0.28,2.27,1.71,0.73,2.27,2.25,4668,2495674,192805,73919743,0.0242,16.787100000000002
2021-10-20,0.1,0.14,0.23,5.81,3.79,4.43,3.75,3.7,0.27,2.2,1.73,0.72,2.31,2.27,4223,2499897,210300,74130043,0.0200999999999999,17.0509
2021-10-21,0.1,0.14,0.21,5.59,4.26,4.15,4.01,3.59,0.24,2.05,1.71,0.7,2.19,2.26,3594,2503491,199448,74329491,0.018,16.900199999999998
2021-10-22,0.1,0.13,0.21,5.34,3.63,3.65,3.62,3.3,0.23,1.93,1.66,0.62,2.0,2.22,4338,2507829,208561,74538052,0.0208,15.493599999999999
2021-10-23,0.12,0.15,0.24,5.59,3.64,3.62,3.33,3.42,0.2,2.21,1.73,0.59,2.03,2.41,2861,2510690,162737,74700789,0.0176,15.606999999999998
2021-10-24,0.11,0.14,0.25,5.65,3.55,3.7,3.41,3.46,0.19,2.17,1.8,0.63,2.05,2.57,3054,2513744,125595,74826384,0.0243,15.827800000000002
2021-10-25,0.1,0.15,0.24,5.75,3.47,4.21,3.65,3.63,0.25,2.05,1.79,0.72,2.19,2.37,2203,2515947,92974,74919358,0.0237,16.5873
2021-10-26,0.1,0.13,0.23,5.6,3.34,4.01,3.52,3.44,0.23,1.92,1.63,0.7,2.15,2.23,4284,2520231,166067,75085425,0.0258,15.935899999999997
2021-10-27,0.1,0.14,0.25,5.56,3.27,4.01,3.42,3.35,0.23,1.99,1.63,0.69,2.17,2.28,4285,2524516,225695,75311120,0.019,15.773
2021-10-28,0.12,0.14,0.24,5.51,3.23,3.91,3.38,3.38,0.24,1.95,1.63,0.66,2.04,2.26,5064,2529580,235693,75546813,0.0215,15.567799999999998
2021-10-29,0.1,0.14,0.22,5.07,3.17,3.42,3.15,3.34,0.2,1.92,1.56,0.58,1.86,2.2,3977,2533557,199641,75746454,0.0199,14.469999999999997
2021-10-30,0.12,0.17,0.22,5.29,3.34,3.35,3.27,3.63,0.19,2.08,1.76,0.58,1.91,2.57,3588,2537145,166598,75913052,0.0215,15.098899999999999
2021-10-31,0.12,0.17,0.22,5.22,3.38,3.38,3.15,3.42,0.2,1.97,1.78,0.56,1.98,2.63,2907,2540052,116311,76029363,0.025,14.8805
2021-11-01,0.1,0.16,0.24,5.64,3.32,3.98,3.5,3.37,0.23,2.03,1.75,0.67,2.29,2.38,2961,2543013,98419,76127782,0.0301,16.0085
2021-11-02,0.1,0.14,0.26,5.98,3.27,4.09,3.66,3.33,0.23,2.15,1.61,0.65,2.47,2.22,4032,2547045,165669,76293451,0.0243,16.4605
2021-11-03,0.1,0.15,0.24,6.13,3.17,3.97,3.73,3.36,0.23,2.31,1.64,0.7,2.45,2.22,4587,2551632,195601,76489052,0.0235,16.5839
2021-11-04,0.1,0.14,0.25,6.19,3.25,3.9,3.71,3.45,0.24,2.32,1.66,0.68,2.4,2.24,4775,2556407,189162,76678214,0.0252,16.648
2021-11-05,0.11,0.15,0.24,6.04,3.4,3.58,3.5,3.31,0.23,2.35,1.58,0.58,2.29,2.18,4913,2561320,198904,76877118,0.0247,15.988399999999999
2021-11-06,0.15,0.17,0.23,6.17,3.27,3.45,3.53,3.48,0.18,2.59,1.74,0.6,2.3,2.44,4603,2565923,173651,77050769,0.0265,16.1937
2021-11-07,0.14,0.2,0.23,6.44,3.36,3.63,3.55,3.5,0.19,2.6,1.78,0.66,2.36,2.56,3480,2569403,111451,77162220,0.0312,16.692800000000002
2021-11-08,0.13,0.18,0.25,6.41,3.31,3.97,3.77,3.65,0.23,2.39,1.73,0.73,2.39,2.41,4108,2573511,115506,77277726,0.0356,17.1501
2021-11-09,0.12,0.19,0.26,6.55,3.27,4.15,3.82,3.65,0.28,2.38,1.7,0.73,2.46,2.31,5138,2578649,153396,77431122,0.0335,17.4457
2021-11-10,0.12,0.18,0.25,6.18,3.19,3.99,3.68,3.51,0.23,2.24,1.64,0.69,2.29,2.3,6545,2585194,213940,77645062,0.0306,16.6444
2021-11-11,0.12,0.19,0.25,6.29,3.29,3.94,3.6,3.62,0.22,2.31,1.7,0.67,2.25,2.35,6151,2591345,199602,77844664,0.0308,16.7469
2021-11-12,0.13,0.17,0.23,5.63,3.18,3.5,3.38,3.43,0.21,2.06,1.63,0.63,2.0,2.22,6477,2597822,202482,78047146,0.032,15.380400000000002
2021-11-13,0.14,0.21,0.23,5.78,3.32,3.44,3.29,3.42,0.18,2.16,1.72,0.56,2.07,2.46,5078,2602900,156469,78203615,0.0325,15.495499999999998
2021-11-14,0.14,0.24,0.25,5.91,3.42,3.65,3.43,3.47,0.2,2.21,1.84,0.63,2.07,2.5,4572,2607472,113955,78317570,0.0401,16.0365
2021-11-15,0.13,0.25,0.25,6.12,3.33,3.92,3.61,3.52,0.25,2.15,1.76,0.66,2.24,2.48,4872,2612344,101484,78419054,0.048,16.600400000000004
2021-11-16,0.14,0.33,0.25,6.26,3.25,3.99,3.76,3.58,0.26,2.19,1.68,0.7,2.31,2.34,6114,2618458,160747,78579801,0.038,16.920099999999998
2021-11-17,0.13,0.37,0.25,6.23,3.32,3.98,3.78,3.66,0.27,2.19,1.72,0.7,2.24,2.34,7971,2626429,217339,78797140,0.0366999999999999,16.976399999999998
2021-11-18,0.12,0.27,0.25,5.78,3.23,3.96,3.73,3.66,0.25,2.06,1.72,0.66,2.12,2.37,7558,2633987,207467,79004607,0.0364,16.3973
2021-11-19,0.13,0.27,0.24,5.52,3.12,3.4,3.38,3.19,0.21,1.99,1.6,0.61,2.0,2.22,7097,2641084,201469,79206076,0.0352,15.0593
2021-11-20,0.17,0.28,0.24,5.93,3.39,3.38,3.47,3.54,0.18,2.26,1.72,0.56,2.07,2.51,6857,2647941,191142,79397218,0.0359,15.8685
2021-11-21,0.17,0.28,0.25,5.89,3.53,3.68,3.56,3.51,0.23,2.28,1.83,0.64,2.09,2.6,5401,2653342,120209,79517427,0.0449,16.270899999999997
2021-11-22,0.15,0.24,0.25,5.97,3.37,3.8,3.65,3.35,0.22,2.12,1.71,0.66,2.1,2.35,5336,2658678,118953,79636380,0.0449,16.2371
2021-11-23,0.15,0.24,0.25,5.98,3.24,3.61,3.61,3.19,0.21,2.14,1.63,0.64,2.19,2.23,7166,2665844,178092,79814472,0.0401999999999999,15.9294
2021-11-24,0.14,0.21,0.25,5.92,3.13,3.37,3.59,3.23,0.19,2.22,1.67,0.59,2.17,2.22,8388,2674232,226602,80041074,0.037,15.659199999999998
2021-11-25,0.18,0.27,0.22,5.62,3.27,3.27,3.99,3.39,0.16,2.22,1.72,0.55,2.05,2.43,6295,2680527,182644,80223718,0.0345,15.768499999999996
2021-11-26,0.14,0.23,0.21,5.8,3.1,3.28,3.25,3.08,0.16,2.22,1.67,0.59,2.1,2.32,4326,2684853,91415,80315133,0.0473,15.0756
2021-11-27,0.16,0.27,0.27,6.15,3.31,3.62,3.48,3.13,0.17,2.31,1.82,0.6,2.26,2.58,6147,2691000,145189,80460322,0.0423,16.093300000000003
2021-11-28,0.15,0.27,0.27,6.33,3.32,3.7,3.86,3.27,0.18,2.46,1.87,0.65,2.25,2.63,5277,2696277,99430,80559752,0.0530999999999999,16.751800000000003
2021-11-29,0.15,0.31,0.28,6.45,3.34,3.91,4.07,3.38,0.21,2.34,1.8,0.74,2.25,2.48,6593,2702870,130366,80690118,0.0506,17.252499999999998
2021-11-30,0.14,0.24,0.3,6.67,3.42,4.11,4.14,3.65,0.24,2.43,1.77,0.7,2.36,2.51,9462,2712332,188906,80879024,0.0501,17.8464
2021-12-01,0.16,0.31,0.29,6.49,3.34,4.03,4.14,3.6,0.23,2.37,1.79,0.67,2.25,2.44,11300,2723632,233784,81112808,0.0483,17.521700000000003
2021-12-02,0.16,0.28,0.3,6.31,3.43,3.98,4.03,3.57,0.23,2.21,1.78,0.7,2.18,2.42,11242,2734874,230961,81343769,0.0487,17.2354
2021-12-03,0.16,0.28,0.28,6.1,3.41,3.57,3.82,3.34,0.22,2.17,1.73,0.64,2.07,2.45,9907,2744781,207831,81551600,0.0476999999999999,16.3793
2021-12-04,0.19,0.31,0.28,6.17,3.59,3.54,3.84,3.61,0.17,2.34,1.86,0.6,2.15,2.68,10411,2755192,234516,81786116,0.0444,16.744
2021-12-05,0.19,0.38,0.27,6.05,3.63,3.72,3.82,3.55,0.2,2.27,1.87,0.63,2.04,2.72,6078,2761270,122336,81908452,0.0496999999999999,16.7199
2021-12-06,0.18,0.3,0.28,6.18,3.6,3.99,4.12,3.6,0.23,2.15,1.88,0.68,2.12,2.63,8210,2769480,149184,82057636,0.055,17.302000000000003
2021-12-07,0.16,0.29,0.32,6.12,3.49,4.06,4.05,3.54,0.22,2.03,1.77,0.65,2.16,2.55,9833,2779313,230412,82288048,0.0426999999999999,17.113799999999998
2021-12-08,0.16,0.25,0.3,6.22,3.45,4.07,4.2,3.6,0.23,2.13,1.78,0.69,2.16,2.49,12491,2791804,249960,82538008,0.05,17.3583
2021-12-09,0.16,0.24,0.3,6.1,3.39,3.89,4.08,3.49,0.23,2.13,1.73,0.66,2.11,2.44,11203,2803007,268372,82806380,0.0417,16.8996
2021-12-10,0.16,0.24,0.28,5.95,3.38,3.69,4.0,3.44,0.2,2.14,1.74,0.62,2.04,2.46,11718,2814725,273607,83079987,0.0428,16.477000000000004
2021-12-11,0.18,0.26,0.28,5.98,3.54,3.59,4.05,3.63,0.18,2.21,1.94,0.6,2.03,2.68,11577,2826302,249793,83329780,0.0463,16.7367
2021-12-12,0.18,0.27,0.29,5.95,3.64,3.62,4.04,3.4,0.19,2.12,1.98,0.64,2.12,2.84,8993,2835295,179704,83509484,0.05,16.723200000000002
2021-12-13,0.17,0.29,0.34,6.55,3.67,4.09,4.52,3.61,0.23,2.18,1.9,0.72,2.34,2.69,8266,2843561,142965,83652449,0.0578,18.1895
2021-12-14,0.17,0.27,0.37,6.97,3.5,4.09,5.07,3.66,0.22,2.33,1.91,0.73,2.51,2.62,12944,2856505,232509,83884958,0.0557,19.038799999999995
2021-12-15,0.17,0.28,0.37,7.07,3.52,4.04,5.24,3.68,0.23,2.41,1.83,0.7,2.57,2.59,18276,2874781,277956,84162914,0.0658,19.2393
2021-12-16,0.17,0.28,0.35,7.1,3.52,3.96,5.3,3.74,0.24,2.36,1.84,0.72,2.61,2.59,21027,2895808,263536,84426450,0.0798,19.3178
2021-12-17,0.2,0.31,0.35,6.84,3.46,3.58,5.06,3.49,0.21,2.38,1.79,0.64,2.64,2.59,21908,2917716,290930,84717380,0.0753,18.445999999999998
2021-12-18,0.22,0.34,0.37,7.49,3.66,3.51,5.52,3.67,0.18,2.69,1.92,0.62,2.8,2.71,22478,2940194,267422,84984802,0.0841,19.645899999999997
2021-12-19,0.24,0.32,0.4,7.64,3.78,3.69,5.53,3.68,0.18,2.69,1.94,0.66,2.88,2.81,23391,2963585,258612,85243414,0.0904,20.036499999999997
2021-12-20,0.22,0.3,0.43,7.97,3.7,3.91,5.97,3.66,0.21,2.79,1.94,0.7,3.05,2.77,22258,2985843,214165,85457579,0.1039,20.885299999999997
2021-12-21,0.21,0.32,0.51,8.63,3.82,3.98,6.83,3.9,0.21,3.06,1.95,0.71,3.33,2.77,28924,3014767,271290,85728869,0.1066,22.558800000000005
2021-12-22,0.22,0.31,0.47,8.86,3.94,3.81,6.89,3.86,0.19,3.12,1.9,0.67,3.46,2.67,38835,3053602,324786,86053655,0.1196,22.684000000000005
2021-12-23,0.22,0.39,0.5,9.06,4.07,3.5,6.82,3.74,0.19,3.41,1.92,0.67,3.61,2.68,44431,3098033,359191,86412846,0.1236999999999999,22.714400000000005
2021-12-24,0.28,0.39,0.5,8.96,3.81,3.3,6.8,3.8,0.16,3.4,1.95,0.64,3.6,2.72,49708,3147741,400030,86812876,0.1243,22.413400000000003
2021-12-25,0.29,0.4,0.46,8.53,3.81,3.43,6.79,3.91,0.14,3.22,2.09,0.67,3.5,2.9,36454,3184195,257325,87070201,0.1417,22.185999999999996
2021-12-26,0.28,0.42,0.55,10.13,4.24,3.92,7.37,4.09,0.15,3.83,2.23,0.71,3.96,3.24,26737,3210932,166681,87236882,0.1604,24.991999999999997
2021-12-27,0.3,0.41,0.59,11.15,4.21,4.14,8.29,4.26,0.19,4.0,2.26,0.8,4.22,3.26,40780,3251712,210996,87447878,0.1932999999999999,27.047599999999996
2021-12-28,0.31,0.43,0.63,11.92,4.18,4.41,9.06,4.57,0.21,4.37,2.27,0.82,4.36,3.19,67090,3318802,362594,87810472,0.185,28.791800000000006
2021-12-29,0.33,0.43,0.58,11.88,4.15,4.29,8.78,4.48,0.2,4.48,2.29,0.83,4.36,3.15,74207,3393009,336469,88146941,0.2205,28.379800000000003
2021-12-30,0.34,0.43,0.53,11.46,4.12,4.11,8.28,4.46,0.2,4.46,2.25,0.83,4.22,3.06,76555,3469564,339853,88486794,0.2253,27.3794
2021-12-31,0.33,0.45,0.49,9.98,3.91,3.57,7.29,4.2,0.17,3.9,2.08,0.74,3.69,2.9,85476,3555040,384365,88871159,0.2224,24.3362
