date,symptom:ageusia,symptom:anosmia,symptom:chills,symptom:cough,symptom:diarrhea,symptom:fatigue,symptom:fever,symptom:headache,symptom:loss of smell,symptom:loss of taste,symptom:muscle weakness,symptom:nasal congestion,symptom:nausea,symptom:shortness of breath,symptom:sore throat,symptom:vomiting
2021-01-01,2292,2292,2292,2292,2292,2292,2292,2292,2292,2292,2292,2292,2292,2292,2292,2292
2021-01-02,1656,1656,1656,1656,1656,1656,1656,1656,1656,1656,1656,1656,1656,1656,1656,1656
2021-01-03,1761,1761,1761,1761,1761,1761,1761,1761,1761,1761,1761,1761,1761,1761,1761,1761
2021-01-04,4096,4096,4096,4096,4096,4096,4096,4096,4096,4096,4096,4096,4096,4096,4096,4096
2021-01-05,4547,4547,4547,4547,4547,4547,4547,4547,4547,4547,4547,4547,4547,4547,4547,4547
2021-01-06,5055,5055,5055,5055,5055,5055,5055,5055,5055,5055,5055,5055,5055,5055,5055,5055
2021-01-07,4744,4744,4744,4744,4744,4744,4744,4744,4744,4744,4744,4744,4744,4744,4744,4744
2021-01-08,4548,4548,4548,4548,4548,4548,4548,4548,4548,4548,4548,4548,4548,4548,4548,4548
2021-01-09,1963,1963,1963,1963,1963,1963,1963,1963,1963,1963,1963,1963,1963,1963,1963,1963
2021-01-10,1742,1742,1742,1742,1742,1742,1742,1742,1742,1742,1742,1742,1742,1742,1742,1742
2021-01-11,4717,4717,4717,4717,4717,4717,4717,4717,4717,4717,4717,4717,4717,4717,4717,4717
2021-01-12,5564,5564,5564,5564,5564,5564,5564,5564,5564,5564,5564,5564,5564,5564,5564,5564
2021-01-13,5566,5566,5566,5566,5566,5566,5566,5566,5566,5566,5566,5566,5566,5566,5566,5566
2021-01-14,5386,5386,5386,5386,5386,5386,5386,5386,5386,5386,5386,5386,5386,5386,5386,5386
2021-01-15,5186,5186,5186,5186,5186,5186,5186,5186,5186,5186,5186,5186,5186,5186,5186,5186
2021-01-16,2136,2136,2136,2136,2136,2136,2136,2136,2136,2136,2136,2136,2136,2136,2136,2136
2021-01-17,2006,2006,2006,2006,2006,2006,2006,2006,2006,2006,2006,2006,2006,2006,2006,2006
2021-01-18,3477,3477,3477,3477,3477,3477,3477,3477,3477,3477,3477,3477,3477,3477,3477,3477
2021-01-19,4467,4467,4467,4467,4467,4467,4467,4467,4467,4467,4467,4467,4467,4467,4467,4467
2021-01-20,5016,5016,5016,5016,5016,5016,5016,5016,5016,5016,5016,5016,5016,5016,5016,5016
2021-01-21,4856,4856,4856,4856,4856,4856,4856,4856,4856,4856,4856,4856,4856,4856,4856,4856
2021-01-22,4508,4508,4508,4508,4508,4508,4508,4508,4508,4508,4508,4508,4508,4508,4508,4508
2021-01-23,1873,1873,1873,1873,1873,1873,1873,1873,1873,1873,1873,1873,1873,1873,1873,1873
2021-01-24,1872,1872,1872,1872,1872,1872,1872,1872,1872,1872,1872,1872,1872,1872,1872,1872
2021-01-25,4278,4278,4278,4278,4278,4278,4278,4278,4278,4278,4278,4278,4278,4278,4278,4278
2021-01-26,4640,4640,4640,4640,4640,4640,4640,4640,4640,4640,4640,4640,4640,4640,4640,4640
2021-01-27,4751,4751,4751,4751,4751,4751,4751,4751,4751,4751,4751,4751,4751,4751,4751,4751
2021-01-28,4903,4903,4903,4903,4903,4903,4903,4903,4903,4903,4903,4903,4903,4903,4903,4903
2021-01-29,4229,4229,4229,4229,4229,4229,4229,4229,4229,4229,4229,4229,4229,4229,4229,4229
2021-01-30,1655,1655,1655,1655,1655,1655,1655,1655,1655,1655,1655,1655,1655,1655,1655,1655
2021-01-31,933,933,933,933,933,933,933,933,933,933,933,933,933,933,933,933
2021-02-01,4179,4179,4179,4179,4179,4179,4179,4179,4179,4179,4179,4179,4179,4179,4179,4179
2021-02-02,5483,5483,5483,5483,5483,5483,5483,5483,5483,5483,5483,5483,5483,5483,5483,5483
2021-02-03,5212,5212,5212,5212,5212,5212,5212,5212,5212,5212,5212,5212,5212,5212,5212,5212
2021-02-04,5262,5262,5262,5262,5262,5262,5262,5262,5262,5262,5262,5262,5262,5262,5262,5262
2021-02-05,4787,4787,4787,4787,4787,4787,4787,4787,4787,4787,4787,4787,4787,4787,4787,4787
2021-02-06,1905,1905,1905,1905,1905,1905,1905,1905,1905,1905,1905,1905,1905,1905,1905,1905
2021-02-07,2081,2081,2081,2081,2081,2081,2081,2081,2081,2081,2081,2081,2081,2081,2081,2081
2021-02-08,4291,4291,4291,4291,4291,4291,4291,4291,4291,4291,4291,4291,4291,4291,4291,4291
2021-02-09,4582,4582,4582,4582,4582,4582,4582,4582,4582,4582,4582,4582,4582,4582,4582,4582
2021-02-10,4766,4766,4766,4766,4766,4766,4766,4766,4766,4766,4766,4766,4766,4766,4766,4766
2021-02-11,4943,4943,4943,4943,4943,4943,4943,4943,4943,4943,4943,4943,4943,4943,4943,4943
2021-02-12,4818,4818,4818,4818,4818,4818,4818,4818,4818,4818,4818,4818,4818,4818,4818,4818
2021-02-13,2042,2042,2042,2042,2042,2042,2042,2042,2042,2042,2042,2042,2042,2042,2042,2042
2021-02-14,1799,1799,1799,1799,1799,1799,1799,1799,1799,1799,1799,1799,1799,1799,1799,1799
2021-02-15,3642,3642,3642,3642,3642,3642,3642,3642,3642,3642,3642,3642,3642,3642,3642,3642
2021-02-16,4597,4597,4597,4597,4597,4597,4597,4597,4597,4597,4597,4597,4597,4597,4597,4597
2021-02-17,5074,5074,5074,5074,5074,5074,5074,5074,5074,5074,5074,5074,5074,5074,5074,5074
2021-02-18,5509,5509,5509,5509,5509,5509,5509,5509,5509,5509,5509,5509,5509,5509,5509,5509
2021-02-19,5201,5201,5201,5201,5201,5201,5201,5201,5201,5201,5201,5201,5201,5201,5201,5201
2021-02-20,1844,1844,1844,1844,1844,1844,1844,1844,1844,1844,1844,1844,1844,1844,1844,1844
2021-02-21,1861,1861,1861,1861,1861,1861,1861,1861,1861,1861,1861,1861,1861,1861,1861,1861
2021-02-22,4901,4901,4901,4901,4901,4901,4901,4901,4901,4901,4901,4901,4901,4901,4901,4901
2021-02-23,4881,4881,4881,4881,4881,4881,4881,4881,4881,4881,4881,4881,4881,4881,4881,4881
2021-02-24,5305,5305,5305,5305,5305,5305,5305,5305,5305,5305,5305,5305,5305,5305,5305,5305
2021-02-25,4991,4991,4991,4991,4991,4991,4991,4991,4991,4991,4991,4991,4991,4991,4991,4991
2021-02-26,4776,4776,4776,4776,4776,4776,4776,4776,4776,4776,4776,4776,4776,4776,4776,4776
2021-02-27,1889,1889,1889,1889,1889,1889,1889,1889,1889,1889,1889,1889,1889,1889,1889,1889
2021-02-28,2121,2121,2121,2121,2121,2121,2121,2121,2121,2121,2121,2121,2121,2121,2121,2121
2021-03-01,4271,4271,4271,4271,4271,4271,4271,4271,4271,4271,4271,4271,4271,4271,4271,4271
2021-03-02,4596,4596,4596,4596,4596,4596,4596,4596,4596,4596,4596,4596,4596,4596,4596,4596
2021-03-03,4491,4491,4491,4491,4491,4491,4491,4491,4491,4491,4491,4491,4491,4491,4491,4491
2021-03-04,4540,4540,4540,4540,4540,4540,4540,4540,4540,4540,4540,4540,4540,4540,4540,4540
2021-03-05,4514,4514,4514,4514,4514,4514,4514,4514,4514,4514,4514,4514,4514,4514,4514,4514
2021-03-06,1908,1908,1908,1908,1908,1908,1908,1908,1908,1908,1908,1908,1908,1908,1908,1908
2021-03-07,1965,1965,1965,1965,1965,1965,1965,1965,1965,1965,1965,1965,1965,1965,1965,1965
2021-03-08,4117,4117,4117,4117,4117,4117,4117,4117,4117,4117,4117,4117,4117,4117,4117,4117
2021-03-09,4122,4122,4122,4122,4122,4122,4122,4122,4122,4122,4122,4122,4122,4122,4122,4122
2021-03-10,4410,4410,4410,4410,4410,4410,4410,4410,4410,4410,4410,4410,4410,4410,4410,4410
2021-03-11,4664,4664,4664,4664,4664,4664,4664,4664,4664,4664,4664,4664,4664,4664,4664,4664
2021-03-12,4388,4388,4388,4388,4388,4388,4388,4388,4388,4388,4388,4388,4388,4388,4388,4388
2021-03-13,1953,1953,1953,1953,1953,1953,1953,1953,1953,1953,1953,1953,1953,1953,1953,1953
2021-03-14,2009,2009,2009,2009,2009,2009,2009,2009,2009,2009,2009,2009,2009,2009,2009,2009
2021-03-15,4251,4251,4251,4251,4251,4251,4251,4251,4251,4251,4251,4251,4251,4251,4251,4251
2021-03-16,4325,4325,4325,4325,4325,4325,4325,4325,4325,4325,4325,4325,4325,4325,4325,4325
2021-03-17,4552,4552,4552,4552,4552,4552,4552,4552,4552,4552,4552,4552,4552,4552,4552,4552
2021-03-18,4780,4780,4780,4780,4780,4780,4780,4780,4780,4780,4780,4780,4780,4780,4780,4780
2021-03-19,4402,4402,4402,4402,4402,4402,4402,4402,4402,4402,4402,4402,4402,4402,4402,4402
2021-03-20,1944,1944,1944,1944,1944,1944,1944,1944,1944,1944,1944,1944,1944,1944,1944,1944
2021-03-21,1852,1852,1852,1852,1852,1852,1852,1852,1852,1852,1852,1852,1852,1852,1852,1852
2021-03-22,4151,4151,4151,4151,4151,4151,4151,4151,4151,4151,4151,4151,4151,4151,4151,4151
2021-03-23,4479,4479,4479,4479,4479,4479,4479,4479,4479,4479,4479,4479,4479,4479,4479,4479
2021-03-24,4457,4457,4457,4457,4457,4457,4457,4457,4457,4457,4457,4457,4457,4457,4457,4457
2021-03-25,4810,4810,4810,4810,4810,4810,4810,4810,4810,4810,4810,4810,4810,4810,4810,4810
2021-03-26,4315,4315,4315,4315,4315,4315,4315,4315,4315,4315,4315,4315,4315,4315,4315,4315
2021-03-27,1978,1978,1978,1978,1978,1978,1978,1978,1978,1978,1978,1978,1978,1978,1978,1978
2021-03-28,1874,1874,1874,1874,1874,1874,1874,1874,1874,1874,1874,1874,1874,1874,1874,1874
2021-03-29,4246,4246,4246,4246,4246,4246,4246,4246,4246,4246,4246,4246,4246,4246,4246,4246
2021-03-30,4080,4080,4080,4080,4080,4080,4080,4080,4080,4080,4080,4080,4080,4080,4080,4080
2021-03-31,4526,4526,4526,4526,4526,4526,4526,4526,4526,4526,4526,4526,4526,4526,4526,4526
2021-04-01,5218,5218,5218,5218,5218,5218,5218,5218,5218,5218,5218,5218,5218,5218,5218,5218
2021-04-02,4597,4597,4597,4597,4597,4597,4597,4597,4597,4597,4597,4597,4597,4597,4597,4597
2021-04-03,1808,1808,1808,1808,1808,1808,1808,1808,1808,1808,1808,1808,1808,1808,1808,1808
2021-04-04,1741,1741,1741,1741,1741,1741,1741,1741,1741,1741,1741,1741,1741,1741,1741,1741
2021-04-05,4078,4078,4078,4078,4078,4078,4078,4078,4078,4078,4078,4078,4078,4078,4078,4078
2021-04-06,4434,4434,4434,4434,4434,4434,4434,4434,4434,4434,4434,4434,4434,4434,4434,4434
2021-04-07,4453,4453,4453,4453,4453,4453,4453,4453,4453,4453,4453,4453,4453,4453,4453,4453
2021-04-08,1648,1648,1648,1648,1648,1648,1648,1648,1648,1648,1648,1648,1648,1648,1648,1648
2021-04-09,945,945,945,945,945,945,945,945,945,945,945,945,945,945,945,945
2021-04-10,390,390,390,390,390,390,390,390,390,390,390,390,390,390,390,390
2021-04-11,504,504,504,504,504,504,504,504,504,504,504,504,504,504,504,504
2021-04-12,1585,1585,1585,1585,1585,1585,1585,1585,1585,1585,1585,1585,1585,1585,1585,1585
2021-04-13,3653,3653,3653,3653,3653,3653,3653,3653,3653,3653,3653,3653,3653,3653,3653,3653
2021-04-14,5348,5348,5348,5348,5348,5348,5348,5348,5348,5348,5348,5348,5348,5348,5348,5348
2021-04-15,5511,5511,5511,5511,5511,5511,5511,5511,5511,5511,5511,5511,5511,5511,5511,5511
2021-04-16,4791,4791,4791,4791,4791,4791,4791,4791,4791,4791,4791,4791,4791,4791,4791,4791
2021-04-17,1191,1191,1191,1191,1191,1191,1191,1191,1191,1191,1191,1191,1191,1191,1191,1191
2021-04-18,862,862,862,862,862,862,862,862,862,862,862,862,862,862,862,862
2021-04-19,4666,4666,4666,4666,4666,4666,4666,4666,4666,4666,4666,4666,4666,4666,4666,4666
2021-04-20,5386,5386,5386,5386,5386,5386,5386,5386,5386,5386,5386,5386,5386,5386,5386,5386
2021-04-21,5380,5380,5380,5380,5380,5380,5380,5380,5380,5380,5380,5380,5380,5380,5380,5380
2021-04-22,5415,5415,5415,5415,5415,5415,5415,5415,5415,5415,5415,5415,5415,5415,5415,5415
2021-04-23,5137,5137,5137,5137,5137,5137,5137,5137,5137,5137,5137,5137,5137,5137,5137,5137
2021-04-24,1891,1891,1891,1891,1891,1891,1891,1891,1891,1891,1891,1891,1891,1891,1891,1891
2021-04-25,2034,2034,2034,2034,2034,2034,2034,2034,2034,2034,2034,2034,2034,2034,2034,2034
2021-04-26,5079,5079,5079,5079,5079,5079,5079,5079,5079,5079,5079,5079,5079,5079,5079,5079
2021-04-27,5265,5265,5265,5265,5265,5265,5265,5265,5265,5265,5265,5265,5265,5265,5265,5265
2021-04-28,5769,5769,5769,5769,5769,5769,5769,5769,5769,5769,5769,5769,5769,5769,5769,5769
2021-04-29,5865,5865,5865,5865,5865,5865,5865,5865,5865,5865,5865,5865,5865,5865,5865,5865
2021-04-30,5469,5469,5469,5469,5469,5469,5469,5469,5469,5469,5469,5469,5469,5469,5469,5469
2021-05-01,2088,2088,2088,2088,2088,2088,2088,2088,2088,2088,2088,2088,2088,2088,2088,2088
2021-05-02,1697,1697,1697,1697,1697,1697,1697,1697,1697,1697,1697,1697,1697,1697,1697,1697
2021-05-03,4897,4897,4897,4897,4897,4897,4897,4897,4897,4897,4897,4897,4897,4897,4897,4897
2021-05-04,5214,5214,5214,5214,5214,5214,5214,5214,5214,5214,5214,5214,5214,5214,5214,5214
2021-05-05,5321,5321,5321,5321,5321,5321,5321,5321,5321,5321,5321,5321,5321,5321,5321,5321
2021-05-06,5659,5659,5659,5659,5659,5659,5659,5659,5659,5659,5659,5659,5659,5659,5659,5659
2021-05-07,5218,5218,5218,5218,5218,5218,5218,5218,5218,5218,5218,5218,5218,5218,5218,5218
2021-05-08,1772,1772,1772,1772,1772,1772,1772,1772,1772,1772,1772,1772,1772,1772,1772,1772
2021-05-09,1791,1791,1791,1791,1791,1791,1791,1791,1791,1791,1791,1791,1791,1791,1791,1791
2021-05-10,5053,5053,5053,5053,5053,5053,5053,5053,5053,5053,5053,5053,5053,5053,5053,5053
2021-05-11,5396,5396,5396,5396,5396,5396,5396,5396,5396,5396,5396,5396,5396,5396,5396,5396
2021-05-12,5296,5296,5296,5296,5296,5296,5296,5296,5296,5296,5296,5296,5296,5296,5296,5296
2021-05-13,5810,5810,5810,5810,5810,5810,5810,5810,5810,5810,5810,5810,5810,5810,5810,5810
2021-05-14,5390,5390,5390,5390,5390,5390,5390,5390,5390,5390,5390,5390,5390,5390,5390,5390
2021-05-15,2018,2018,2018,2018,2018,2018,2018,2018,2018,2018,2018,2018,2018,2018,2018,2018
2021-05-16,1756,1756,1756,1756,1756,1756,1756,1756,1756,1756,1756,1756,1756,1756,1756,1756
2021-05-17,4923,4923,4923,4923,4923,4923,4923,4923,4923,4923,4923,4923,4923,4923,4923,4923
2021-05-18,5279,5279,5279,5279,5279,5279,5279,5279,5279,5279,5279,5279,5279,5279,5279,5279
2021-05-19,4757,4757,4757,4757,4757,4757,4757,4757,4757,4757,4757,4757,4757,4757,4757,4757
2021-05-20,5695,5695,5695,5695,5695,5695,5695,5695,5695,5695,5695,5695,5695,5695,5695,5695
2021-05-21,5190,5190,5190,5190,5190,5190,5190,5190,5190,5190,5190,5190,5190,5190,5190,5190
2021-05-22,1892,1892,1892,1892,1892,1892,1892,1892,1892,1892,1892,1892,1892,1892,1892,1892
2021-05-23,1812,1812,1812,1812,1812,1812,1812,1812,1812,1812,1812,1812,1812,1812,1812,1812
2021-05-24,4970,4970,4970,4970,4970,4970,4970,4970,4970,4970,4970,4970,4970,4970,4970,4970
2021-05-25,5018,5018,5018,5018,5018,5018,5018,5018,5018,5018,5018,5018,5018,5018,5018,5018
2021-05-26,5233,5233,5233,5233,5233,5233,5233,5233,5233,5233,5233,5233,5233,5233,5233,5233
2021-05-27,5481,5481,5481,5481,5481,5481,5481,5481,5481,5481,5481,5481,5481,5481,5481,5481
2021-05-28,3638,3638,3638,3638,3638,3638,3638,3638,3638,3638,3638,3638,3638,3638,3638,3638
2021-05-29,1916,1916,1916,1916,1916,1916,1916,1916,1916,1916,1916,1916,1916,1916,1916,1916
2021-05-30,1637,1637,1637,1637,1637,1637,1637,1637,1637,1637,1637,1637,1637,1637,1637,1637
2021-05-31,2645,2645,2645,2645,2645,2645,2645,2645,2645,2645,2645,2645,2645,2645,2645,2645
2021-06-01,5100,5100,5100,5100,5100,5100,5100,5100,5100,5100,5100,5100,5100,5100,5100,5100
2021-06-02,5307,5307,5307,5307,5307,5307,5307,5307,5307,5307,5307,5307,5307,5307,5307,5307
2021-06-03,5419,5419,5419,5419,5419,5419,5419,5419,5419,5419,5419,5419,5419,5419,5419,5419
2021-06-04,5243,5243,5243,5243,5243,5243,5243,5243,5243,5243,5243,5243,5243,5243,5243,5243
2021-06-05,1866,1866,1866,1866,1866,1866,1866,1866,1866,1866,1866,1866,1866,1866,1866,1866
2021-06-06,1823,1823,1823,1823,1823,1823,1823,1823,1823,1823,1823,1823,1823,1823,1823,1823
2021-06-07,4828,4828,4828,4828,4828,4828,4828,4828,4828,4828,4828,4828,4828,4828,4828,4828
2021-06-08,5417,5417,5417,5417,5417,5417,5417,5417,5417,5417,5417,5417,5417,5417,5417,5417
2021-06-09,5566,5566,5566,5566,5566,5566,5566,5566,5566,5566,5566,5566,5566,5566,5566,5566
2021-06-10,5863,5863,5863,5863,5863,5863,5863,5863,5863,5863,5863,5863,5863,5863,5863,5863
2021-06-11,5429,5429,5429,5429,5429,5429,5429,5429,5429,5429,5429,5429,5429,5429,5429,5429
2021-06-12,1991,1991,1991,1991,1991,1991,1991,1991,1991,1991,1991,1991,1991,1991,1991,1991
2021-06-13,1825,1825,1825,1825,1825,1825,1825,1825,1825,1825,1825,1825,1825,1825,1825,1825
2021-06-14,4865,4865,4865,4865,4865,4865,4865,4865,4865,4865,4865,4865,4865,4865,4865,4865
2021-06-15,5344,5344,5344,5344,5344,5344,5344,5344,5344,5344,5344,5344,5344,5344,5344,5344
2021-06-16,5059,5059,5059,5059,5059,5059,5059,5059,5059,5059,5059,5059,5059,5059,5059,5059
2021-06-17,5808,5808,5808,5808,5808,5808,5808,5808,5808,5808,5808,5808,5808,5808,5808,5808
2021-06-18,5040,5040,5040,5040,5040,5040,5040,5040,5040,5040,5040,5040,5040,5040,5040,5040
2021-06-19,1837,1837,1837,1837,1837,1837,1837,1837,1837,1837,1837,1837,1837,1837,1837,1837
2021-06-20,1720,1720,1720,1720,1720,1720,1720,1720,1720,1720,1720,1720,1720,1720,1720,1720
2021-06-21,4746,4746,4746,4746,4746,4746,4746,4746,4746,4746,4746,4746,4746,4746,4746,4746
2021-06-22,5216,5216,5216,5216,5216,5216,5216,5216,5216,5216,5216,5216,5216,5216,5216,5216
2021-06-23,5357,5357,5357,5357,5357,5357,5357,5357,5357,5357,5357,5357,5357,5357,5357,5357
2021-06-24,5683,5683,5683,5683,5683,5683,5683,5683,5683,5683,5683,5683,5683,5683,5683,5683
2021-06-25,5438,5438,5438,5438,5438,5438,5438,5438,5438,5438,5438,5438,5438,5438,5438,5438
2021-06-26,1823,1823,1823,1823,1823,1823,1823,1823,1823,1823,1823,1823,1823,1823,1823,1823
2021-06-27,1764,1764,1764,1764,1764,1764,1764,1764,1764,1764,1764,1764,1764,1764,1764,1764
2021-06-28,4548,4548,4548,4548,4548,4548,4548,4548,4548,4548,4548,4548,4548,4548,4548,4548
2021-06-29,5031,5031,5031,5031,5031,5031,5031,5031,5031,5031,5031,5031,5031,5031,5031,5031
2021-06-30,5281,5281,5281,5281,5281,5281,5281,5281,5281,5281,5281,5281,5281,5281,5281,5281
2021-07-01,5745,5745,5745,5745,5745,5745,5745,5745,5745,5745,5745,5745,5745,5745,5745,5745
2021-07-02,4657,4657,4657,4657,4657,4657,4657,4657,4657,4657,4657,4657,4657,4657,4657,4657
2021-07-03,1571,1571,1571,1571,1571,1571,1571,1571,1571,1571,1571,1571,1571,1571,1571,1571
2021-07-04,1524,1524,1524,1524,1524,1524,1524,1524,1524,1524,1524,1524,1524,1524,1524,1524
2021-07-05,2528,2528,2528,2528,2528,2528,2528,2528,2528,2528,2528,2528,2528,2528,2528,2528
2021-07-06,4571,4571,4571,4571,4571,4571,4571,4571,4571,4571,4571,4571,4571,4571,4571,4571
2021-07-07,4888,4888,4888,4888,4888,4888,4888,4888,4888,4888,4888,4888,4888,4888,4888,4888
2021-07-08,5487,5487,5487,5487,5487,5487,5487,5487,5487,5487,5487,5487,5487,5487,5487,5487
2021-07-09,4805,4805,4805,4805,4805,4805,4805,4805,4805,4805,4805,4805,4805,4805,4805,4805
2021-07-10,1710,1710,1710,1710,1710,1710,1710,1710,1710,1710,1710,1710,1710,1710,1710,1710
2021-07-11,1825,1825,1825,1825,1825,1825,1825,1825,1825,1825,1825,1825,1825,1825,1825,1825
2021-07-12,4433,4433,4433,4433,4433,4433,4433,4433,4433,4433,4433,4433,4433,4433,4433,4433
2021-07-13,5005,5005,5005,5005,5005,5005,5005,5005,5005,5005,5005,5005,5005,5005,5005,5005
2021-07-14,5263,5263,5263,5263,5263,5263,5263,5263,5263,5263,5263,5263,5263,5263,5263,5263
2021-07-15,5951,5951,5951,5951,5951,5951,5951,5951,5951,5951,5951,5951,5951,5951,5951,5951
2021-07-16,4905,4905,4905,4905,4905,4905,4905,4905,4905,4905,4905,4905,4905,4905,4905,4905
2021-07-17,1766,1766,1766,1766,1766,1766,1766,1766,1766,1766,1766,1766,1766,1766,1766,1766
2021-07-18,1721,1721,1721,1721,1721,1721,1721,1721,1721,1721,1721,1721,1721,1721,1721,1721
2021-07-19,4668,4668,4668,4668,4668,4668,4668,4668,4668,4668,4668,4668,4668,4668,4668,4668
2021-07-20,4954,4954,4954,4954,4954,4954,4954,4954,4954,4954,4954,4954,4954,4954,4954,4954
2021-07-21,4991,4991,4991,4991,4991,4991,4991,4991,4991,4991,4991,4991,4991,4991,4991,4991
2021-07-22,5388,5388,5388,5388,5388,5388,5388,5388,5388,5388,5388,5388,5388,5388,5388,5388
2021-07-23,5076,5076,5076,5076,5076,5076,5076,5076,5076,5076,5076,5076,5076,5076,5076,5076
2021-07-24,1900,1900,1900,1900,1900,1900,1900,1900,1900,1900,1900,1900,1900,1900,1900,1900
2021-07-25,1783,1783,1783,1783,1783,1783,1783,1783,1783,1783,1783,1783,1783,1783,1783,1783
2021-07-26,4634,4634,4634,4634,4634,4634,4634,4634,4634,4634,4634,4634,4634,4634,4634,4634
2021-07-27,5161,5161,5161,5161,5161,5161,5161,5161,5161,5161,5161,5161,5161,5161,5161,5161
2021-07-28,5407,5407,5407,5407,5407,5407,5407,5407,5407,5407,5407,5407,5407,5407,5407,5407
2021-07-29,5798,5798,5798,5798,5798,5798,5798,5798,5798,5798,5798,5798,5798,5798,5798,5798
2021-07-30,5479,5479,5479,5479,5479,5479,5479,5479,5479,5479,5479,5479,5479,5479,5479,5479
2021-07-31,1848,1848,1848,1848,1848,1848,1848,1848,1848,1848,1848,1848,1848,1848,1848,1848
2021-08-01,1858,1858,1858,1858,1858,1858,1858,1858,1858,1858,1858,1858,1858,1858,1858,1858
2021-08-02,4573,4573,4573,4573,4573,4573,4573,4573,4573,4573,4573,4573,4573,4573,4573,4573
2021-08-03,5271,5271,5271,5271,5271,5271,5271,5271,5271,5271,5271,5271,5271,5271,5271,5271
2021-08-04,5011,5011,5011,5011,5011,5011,5011,5011,5011,5011,5011,5011,5011,5011,5011,5011
2021-08-05,5307,5307,5307,5307,5307,5307,5307,5307,5307,5307,5307,5307,5307,5307,5307,5307
2021-08-06,4963,4963,4963,4963,4963,4963,4963,4963,4963,4963,4963,4963,4963,4963,4963,4963
2021-08-07,1679,1679,1679,1679,1679,1679,1679,1679,1679,1679,1679,1679,1679,1679,1679,1679
2021-08-08,1560,1560,1560,1560,1560,1560,1560,1560,1560,1560,1560,1560,1560,1560,1560,1560
2021-08-09,3768,3768,3768,3768,3768,3768,3768,3768,3768,3768,3768,3768,3768,3768,3768,3768
2021-08-10,5126,5126,5126,5126,5126,5126,5126,5126,5126,5126,5126,5126,5126,5126,5126,5126
2021-08-11,5042,5042,5042,5042,5042,5042,5042,5042,5042,5042,5042,5042,5042,5042,5042,5042
2021-08-12,4575,4575,4575,4575,4575,4575,4575,4575,4575,4575,4575,4575,4575,4575,4575,4575
2021-08-13,4340,4340,4340,4340,4340,4340,4340,4340,4340,4340,4340,4340,4340,4340,4340,4340
2021-08-14,1635,1635,1635,1635,1635,1635,1635,1635,1635,1635,1635,1635,1635,1635,1635,1635
2021-08-15,1556,1556,1556,1556,1556,1556,1556,1556,1556,1556,1556,1556,1556,1556,1556,1556
2021-08-16,3909,3909,3909,3909,3909,3909,3909,3909,3909,3909,3909,3909,3909,3909,3909,3909
2021-08-17,4760,4760,4760,4760,4760,4760,4760,4760,4760,4760,4760,4760,4760,4760,4760,4760
2021-08-18,4585,4585,4585,4585,4585,4585,4585,4585,4585,4585,4585,4585,4585,4585,4585,4585
2021-08-19,3143,3143,3143,3143,3143,3143,3143,3143,3143,3143,3143,3143,3143,3143,3143,3143
2021-08-20,2913,2913,2913,2913,2913,2913,2913,2913,2913,2913,2913,2913,2913,2913,2913,2913
2021-08-21,1469,1469,1469,1469,1469,1469,1469,1469,1469,1469,1469,1469,1469,1469,1469,1469
2021-08-22,1480,1480,1480,1480,1480,1480,1480,1480,1480,1480,1480,1480,1480,1480,1480,1480
2021-08-23,3002,3002,3002,3002,3002,3002,3002,3002,3002,3002,3002,3002,3002,3002,3002,3002
2021-08-24,3517,3517,3517,3517,3517,3517,3517,3517,3517,3517,3517,3517,3517,3517,3517,3517
2021-08-25,3763,3763,3763,3763,3763,3763,3763,3763,3763,3763,3763,3763,3763,3763,3763,3763
2021-08-26,3475,3475,3475,3475,3475,3475,3475,3475,3475,3475,3475,3475,3475,3475,3475,3475
2021-08-27,3454,3454,3454,3454,3454,3454,3454,3454,3454,3454,3454,3454,3454,3454,3454,3454
2021-08-28,1510,1510,1510,1510,1510,1510,1510,1510,1510,1510,1510,1510,1510,1510,1510,1510
2021-08-29,1551,1551,1551,1551,1551,1551,1551,1551,1551,1551,1551,1551,1551,1551,1551,1551
2021-08-30,3255,3255,3255,3255,3255,3255,3255,3255,3255,3255,3255,3255,3255,3255,3255,3255
2021-08-31,3531,3531,3531,3531,3531,3531,3531,3531,3531,3531,3531,3531,3531,3531,3531,3531
2021-09-01,4305,4305,4305,4305,4305,4305,4305,4305,4305,4305,4305,4305,4305,4305,4305,4305
2021-09-02,4919,4919,4919,4919,4919,4919,4919,4919,4919,4919,4919,4919,4919,4919,4919,4919
2021-09-03,5037,5037,5037,5037,5037,5037,5037,5037,5037,5037,5037,5037,5037,5037,5037,5037
2021-09-04,1912,1912,1912,1912,1912,1912,1912,1912,1912,1912,1912,1912,1912,1912,1912,1912
2021-09-05,1637,1637,1637,1637,1637,1637,1637,1637,1637,1637,1637,1637,1637,1637,1637,1637
2021-09-06,2620,2620,2620,2620,2620,2620,2620,2620,2620,2620,2620,2620,2620,2620,2620,2620
2021-09-07,4709,4709,4709,4709,4709,4709,4709,4709,4709,4709,4709,4709,4709,4709,4709,4709
2021-09-08,5275,5275,5275,5275,5275,5275,5275,5275,5275,5275,5275,5275,5275,5275,5275,5275
2021-09-09,5779,5779,5779,5779,5779,5779,5779,5779,5779,5779,5779,5779,5779,5779,5779,5779
2021-09-10,5413,5413,5413,5413,5413,5413,5413,5413,5413,5413,5413,5413,5413,5413,5413,5413
2021-09-11,2009,2009,2009,2009,2009,2009,2009,2009,2009,2009,2009,2009,2009,2009,2009,2009
2021-09-12,2006,2006,2006,2006,2006,2006,2006,2006,2006,2006,2006,2006,2006,2006,2006,2006
2021-09-13,4760,4760,4760,4760,4760,4760,4760,4760,4760,4760,4760,4760,4760,4760,4760,4760
2021-09-14,5349,5349,5349,5349,5349,5349,5349,5349,5349,5349,5349,5349,5349,5349,5349,5349
2021-09-15,5477,5477,5477,5477,5477,5477,5477,5477,5477,5477,5477,5477,5477,5477,5477,5477
2021-09-16,5425,5425,5425,5425,5425,5425,5425,5425,5425,5425,5425,5425,5425,5425,5425,5425
2021-09-17,5398,5398,5398,5398,5398,5398,5398,5398,5398,5398,5398,5398,5398,5398,5398,5398
2021-09-18,1898,1898,1898,1898,1898,1898,1898,1898,1898,1898,1898,1898,1898,1898,1898,1898
2021-09-19,1930,1930,1930,1930,1930,1930,1930,1930,1930,1930,1930,1930,1930,1930,1930,1930
2021-09-20,4512,4512,4512,4512,4512,4512,4512,4512,4512,4512,4512,4512,4512,4512,4512,4512
2021-09-21,4941,4941,4941,4941,4941,4941,4941,4941,4941,4941,4941,4941,4941,4941,4941,4941
2021-09-22,5573,5573,5573,5573,5573,5573,5573,5573,5573,5573,5573,5573,5573,5573,5573,5573
2021-09-23,5816,5816,5816,5816,5816,5816,5816,5816,5816,5816,5816,5816,5816,5816,5816,5816
2021-09-24,5227,5227,5227,5227,5227,5227,5227,5227,5227,5227,5227,5227,5227,5227,5227,5227
2021-09-25,1988,1988,1988,1988,1988,1988,1988,1988,1988,1988,1988,1988,1988,1988,1988,1988
2021-09-26,1881,1881,1881,1881,1881,1881,1881,1881,1881,1881,1881,1881,1881,1881,1881,1881
2021-09-27,4705,4705,4705,4705,4705,4705,4705,4705,4705,4705,4705,4705,4705,4705,4705,4705
2021-09-28,5302,5302,5302,5302,5302,5302,5302,5302,5302,5302,5302,5302,5302,5302,5302,5302
2021-09-29,5405,5405,5405,5405,5405,5405,5405,5405,5405,5405,5405,5405,5405,5405,5405,5405
2021-09-30,5775,5775,5775,5775,5775,5775,5775,5775,5775,5775,5775,5775,5775,5775,5775,5775
2021-10-01,5558,5558,5558,5558,5558,5558,5558,5558,5558,5558,5558,5558,5558,5558,5558,5558
2021-10-02,1887,1887,1887,1887,1887,1887,1887,1887,1887,1887,1887,1887,1887,1887,1887,1887
2021-10-03,1782,1782,1782,1782,1782,1782,1782,1782,1782,1782,1782,1782,1782,1782,1782,1782
2021-10-04,4655,4655,4655,4655,4655,4655,4655,4655,4655,4655,4655,4655,4655,4655,4655,4655
2021-10-05,5128,5128,5128,5128,5128,5128,5128,5128,5128,5128,5128,5128,5128,5128,5128,5128
2021-10-06,5252,5252,5252,5252,5252,5252,5252,5252,5252,5252,5252,5252,5252,5252,5252,5252
2021-10-07,5697,5697,5697,5697,5697,5697,5697,5697,5697,5697,5697,5697,5697,5697,5697,5697
2021-10-08,5275,5275,5275,5275,5275,5275,5275,5275,5275,5275,5275,5275,5275,5275,5275,5275
2021-10-09,1822,1822,1822,1822,1822,1822,1822,1822,1822,1822,1822,1822,1822,1822,1822,1822
2021-10-10,1753,1753,1753,1753,1753,1753,1753,1753,1753,1753,1753,1753,1753,1753,1753,1753
2021-10-11,4317,4317,4317,4317,4317,4317,4317,4317,4317,4317,4317,4317,4317,4317,4317,4317
2021-10-12,4928,4928,4928,4928,4928,4928,4928,4928,4928,4928,4928,4928,4928,4928,4928,4928
2021-10-13,5286,5286,5286,5286,5286,5286,5286,5286,5286,5286,5286,5286,5286,5286,5286,5286
2021-10-14,5840,5840,5840,5840,5840,5840,5840,5840,5840,5840,5840,5840,5840,5840,5840,5840
2021-10-15,5135,5135,5135,5135,5135,5135,5135,5135,5135,5135,5135,5135,5135,5135,5135,5135
2021-10-16,1955,1955,1955,1955,1955,1955,1955,1955,1955,1955,1955,1955,1955,1955,1955,1955
2021-10-17,1745,1745,1745,1745,1745,1745,1745,1745,1745,1745,1745,1745,1745,1745,1745,1745
2021-10-18,4866,4866,4866,4866,4866,4866,4866,4866,4866,4866,4866,4866,4866,4866,4866,4866
2021-10-19,5468,5468,5468,5468,5468,5468,5468,5468,5468,5468,5468,5468,5468,5468,5468,5468
2021-10-20,5536,5536,5536,5536,5536,5536,5536,5536,5536,5536,5536,5536,5536,5536,5536,5536
2021-10-21,6026,6026,6026,6026,6026,6026,6026,6026,6026,6026,6026,6026,6026,6026,6026,6026
2021-10-22,5777,5777,5777,5777,5777,5777,5777,5777,5777,5777,5777,5777,5777,5777,5777,5777
2021-10-23,1924,1924,1924,1924,1924,1924,1924,1924,1924,1924,1924,1924,1924,1924,1924,1924
2021-10-24,1881,1881,1881,1881,1881,1881,1881,1881,1881,1881,1881,1881,1881,1881,1881,1881
2021-10-25,4897,4897,4897,4897,4897,4897,4897,4897,4897,4897,4897,4897,4897,4897,4897,4897
2021-10-26,5061,5061,5061,5061,5061,5061,5061,5061,5061,5061,5061,5061,5061,5061,5061,5061
2021-10-27,5386,5386,5386,5386,5386,5386,5386,5386,5386,5386,5386,5386,5386,5386,5386,5386
2021-10-28,4791,4791,4791,4791,4791,4791,4791,4791,4791,4791,4791,4791,4791,4791,4791,4791
2021-10-29,5505,5505,5505,5505,5505,5505,5505,5505,5505,5505,5505,5505,5505,5505,5505,5505
2021-10-30,2047,2047,2047,2047,2047,2047,2047,2047,2047,2047,2047,2047,2047,2047,2047,2047
2021-10-31,2009,2009,2009,2009,2009,2009,2009,2009,2009,2009,2009,2009,2009,2009,2009,2009
2021-11-01,4796,4796,4796,4796,4796,4796,4796,4796,4796,4796,4796,4796,4796,4796,4796,4796
2021-11-02,5473,5473,5473,5473,5473,5473,5473,5473,5473,5473,5473,5473,5473,5473,5473,5473
2021-11-03,5182,5182,5182,5182,5182,5182,5182,5182,5182,5182,5182,5182,5182,5182,5182,5182
2021-11-04,5597,5597,5597,5597,5597,5597,5597,5597,5597,5597,5597,5597,5597,5597,5597,5597
2021-11-05,5643,5643,5643,5643,5643,5643,5643,5643,5643,5643,5643,5643,5643,5643,5643,5643
2021-11-06,2019,2019,2019,2019,2019,2019,2019,2019,2019,2019,2019,2019,2019,2019,2019,2019
2021-11-07,2167,2167,2167,2167,2167,2167,2167,2167,2167,2167,2167,2167,2167,2167,2167,2167
2021-11-08,5074,5074,5074,5074,5074,5074,5074,5074,5074,5074,5074,5074,5074,5074,5074,5074
2021-11-09,5384,5384,5384,5384,5384,5384,5384,5384,5384,5384,5384,5384,5384,5384,5384,5384
2021-11-10,5479,5479,5479,5479,5479,5479,5479,5479,5479,5479,5479,5479,5479,5479,5479,5479
2021-11-11,5822,5822,5822,5822,5822,5822,5822,5822,5822,5822,5822,5822,5822,5822,5822,5822
2021-11-12,5440,5440,5440,5440,5440,5440,5440,5440,5440,5440,5440,5440,5440,5440,5440,5440
2021-11-13,1930,1930,1930,1930,1930,1930,1930,1930,1930,1930,1930,1930,1930,1930,1930,1930
2021-11-14,1960,1960,1960,1960,1960,1960,1960,1960,1960,1960,1960,1960,1960,1960,1960,1960
2021-11-15,4943,4943,4943,4943,4943,4943,4943,4943,4943,4943,4943,4943,4943,4943,4943,4943
2021-11-16,5326,5326,5326,5326,5326,5326,5326,5326,5326,5326,5326,5326,5326,5326,5326,5326
2021-11-17,5808,5808,5808,5808,5808,5808,5808,5808,5808,5808,5808,5808,5808,5808,5808,5808
2021-11-18,6278,6278,6278,6278,6278,6278,6278,6278,6278,6278,6278,6278,6278,6278,6278,6278
2021-11-19,6459,6459,6459,6459,6459,6459,6459,6459,6459,6459,6459,6459,6459,6459,6459,6459
2021-11-20,2264,2264,2264,2264,2264,2264,2264,2264,2264,2264,2264,2264,2264,2264,2264,2264
2021-11-21,1362,1362,1362,1362,1362,1362,1362,1362,1362,1362,1362,1362,1362,1362,1362,1362
2021-11-22,1469,1469,1469,1469,1469,1469,1469,1469,1469,1469,1469,1469,1469,1469,1469,1469
2021-11-23,3838,3838,3838,3838,3838,3838,3838,3838,3838,3838,3838,3838,3838,3838,3838,3838
2021-11-24,4680,4680,4680,4680,4680,4680,4680,4680,4680,4680,4680,4680,4680,4680,4680,4680
2021-11-25,2355,2355,2355,2355,2355,2355,2355,2355,2355,2355,2355,2355,2355,2355,2355,2355
2021-11-26,2900,2900,2900,2900,2900,2900,2900,2900,2900,2900,2900,2900,2900,2900,2900,2900
2021-11-27,1600,1600,1600,1600,1600,1600,1600,1600,1600,1600,1600,1600,1600,1600,1600,1600
2021-11-28,1779,1779,1779,1779,1779,1779,1779,1779,1779,1779,1779,1779,1779,1779,1779,1779
2021-11-29,4564,4564,4564,4564,4564,4564,4564,4564,4564,4564,4564,4564,4564,4564,4564,4564
2021-11-30,4726,4726,4726,4726,4726,4726,4726,4726,4726,4726,4726,4726,4726,4726,4726,4726
2021-12-01,5178,5178,5178,5178,5178,5178,5178,5178,5178,5178,5178,5178,5178,5178,5178,5178
2021-12-02,5336,5336,5336,5336,5336,5336,5336,5336,5336,5336,5336,5336,5336,5336,5336,5336
2021-12-03,4854,4854,4854,4854,4854,4854,4854,4854,4854,4854,4854,4854,4854,4854,4854,4854
2021-12-04,1878,1878,1878,1878,1878,1878,1878,1878,1878,1878,1878,1878,1878,1878,1878,1878
2021-12-05,1822,1822,1822,1822,1822,1822,1822,1822,1822,1822,1822,1822,1822,1822,1822,1822
2021-12-06,4700,4700,4700,4700,4700,4700,4700,4700,4700,4700,4700,4700,4700,4700,4700,4700
2021-12-07,4725,4725,4725,4725,4725,4725,4725,4725,4725,4725,4725,4725,4725,4725,4725,4725
2021-12-08,4914,4914,4914,4914,4914,4914,4914,4914,4914,4914,4914,4914,4914,4914,4914,4914
2021-12-09,6125,6125,6125,6125,6125,6125,6125,6125,6125,6125,6125,6125,6125,6125,6125,6125
2021-12-10,4989,4989,4989,4989,4989,4989,4989,4989,4989,4989,4989,4989,4989,4989,4989,4989
2021-12-11,1751,1751,1751,1751,1751,1751,1751,1751,1751,1751,1751,1751,1751,1751,1751,1751
2021-12-12,1822,1822,1822,1822,1822,1822,1822,1822,1822,1822,1822,1822,1822,1822,1822,1822
2021-12-13,4845,4845,4845,4845,4845,4845,4845,4845,4845,4845,4845,4845,4845,4845,4845,4845
2021-12-14,4996,4996,4996,4996,4996,4996,4996,4996,4996,4996,4996,4996,4996,4996,4996,4996
2021-12-15,5184,5184,5184,5184,5184,5184,5184,5184,5184,5184,5184,5184,5184,5184,5184,5184
2021-12-16,5436,5436,5436,5436,5436,5436,5436,5436,5436,5436,5436,5436,5436,5436,5436,5436
2021-12-17,4819,4819,4819,4819,4819,4819,4819,4819,4819,4819,4819,4819,4819,4819,4819,4819
2021-12-18,1747,1747,1747,1747,1747,1747,1747,1747,1747,1747,1747,1747,1747,1747,1747,1747
2021-12-19,1828,1828,1828,1828,1828,1828,1828,1828,1828,1828,1828,1828,1828,1828,1828,1828
2021-12-20,4696,4696,4696,4696,4696,4696,4696,4696,4696,4696,4696,4696,4696,4696,4696,4696
2021-12-21,4798,4798,4798,4798,4798,4798,4798,4798,4798,4798,4798,4798,4798,4798,4798,4798
2021-12-22,4766,4766,4766,4766,4766,4766,4766,4766,4766,4766,4766,4766,4766,4766,4766,4766
2021-12-23,4419,4419,4419,4419,4419,4419,4419,4419,4419,4419,4419,4419,4419,4419,4419,4419
2021-12-24,2233,2233,2233,2233,2233,2233,2233,2233,2233,2233,2233,2233,2233,2233,2233,2233
2021-12-25,147,147,147,147,147,147,147,147,147,147,147,147,147,147,147,147
2021-12-26,49,49,49,49,49,49,49,49,49,49,49,49,49,49,49,49
2021-12-27,76,76,76,76,76,76,76,76,76,76,76,76,76,76,76,76
2021-12-28,64,64,64,64,64,64,64,64,64,64,64,64,64,64,64,64
2021-12-29,78,78,78,78,78,78,78,78,78,78,78,78,78,78,78,78
2021-12-30,140,140,140,140,140,140,140,140,140,140,140,140,140,140,140,140
2021-12-31,73,73,73,73,73,73,73,73,73,73,73,73,73,73,73,73
